标题,封面链接,详情页链接,作者,简介,字数,价格
007谍海系列：第七情报员,https://pic.arkread.com/cover/ebook/f/8362698.1653698729.jpg!cover_default.jpg,https://read.douban.com/ebook/8362698/,"[英] 伊恩·弗莱明, 译者: 王剑",传奇特工007－詹姆斯·邦德驰骋荧屏40年，经典电影原著小说中国大陆首次引进出版、震撼登陆。  詹姆斯·邦德横空出世——他是《第七情报员》，“全世界最有魅力的男演员”、国际著名影星肖恩·康纳利倾情主演并因此而一举成名。出演该片女主角的著名影星乌苏拉·安德丝被誉为最性感的邦德女郎。  “当今国际影坛只有七位天才型演员，肖恩·康纳利就是其中之一。”——好莱坞著名导演 史蒂芬·斯皮尔伯格。  “你是对的，邦德先生。这恰恰就是我，一个疯子。所有伟大的人都是疯子。他们被驱使，他们向狂热的目标俯首称臣。伟大的科学家、哲学家……这些人统统都是疯子。”  诺博士，一个有着机械钳子手的险恶的、残酷成性的迷恋痛苦的隐遁者，将詹姆斯·邦德牢牢抓在他那钢铁制成的手里。  邦德和他美丽而迷人的女助手，秘密进入诺博士隐藏在加勒比海岛的基地时被捕获。诺博士发现了一个机会，既可以处置他的敌人又可以进一步进行他的恶魔研究计划。而邦德则为了自己的生命而战……  伊恩·弗莱明(IanFleming)，英国小说家，记者，皇家海军军官，007的缔造者。  弗莱明出生在伦敦，先后就读于伊顿公学和皇家军事学院，并在慕尼黑和目内瓦学习语言，之后任路透社驻莫斯科记者。二战时期，弗莱明加入英国海军，供职于海军情报部门。其间参与策划了数次重要的情报行动，并组建了情报局的附属机构30AU。  弗莱明笔下的英国军情六处007号特工詹姆斯·邦德温文尔雅、机智果敢的形象深入人心，根据小说改编的电影至今已拍摄了21部，吸引了全球数以亿计的观众。,110349字,9.9元
荒野猎人,https://pic.arkread.com/cover/ebook/f/154127201.1653696471.jpg!cover_default.jpg,https://read.douban.com/ebook/154127201/,文泽尔,我像只熊被困在小屋里，  我成了蛇爬行在天花板上，  我化为狐狸守在窗前，  我是渡鸦贴着墙取暖，  我变回我，死在了自己的怀里。  一名作者在自己的荒野木屋中接连发现了四起“不可能”密室凶案，受害者却都非人。黑熊、蚺蛇、赤狐、渡鸦——四种只有这些动物才能完成的完美密室，四重恐怖的黑暗魔法。  经验老道的猎人、谙熟民间传说的木匠、神秘的少女、淳朴的村民……这个偏远的乡间似乎被某种邪恶而又神秘的气息笼罩了。  现实从哪里结束，又从哪里开始？被揭露的真相可信吗？  随着案件一步步展开，他开始质问自己的身份和信仰，逐渐迷失了方向。  像一名猎人，行走在荒野上。    文泽尔，作为小说家的学者和作为学者的小说家。旅居欧洲好多年，写了六七本小说，去过数十个国家；在德国科学院里摆弄过巨型射电显微镜，也曾在西西里岛探访意大利黑手党；读罢数墙书，看完几架碟，现在累了、乏了，于是在“自由意志市”里择了个角落坐下来，想和读到这些文字的您聊聊这些那些。,210630字,36.99元
大瑟尔,https://pic.arkread.com/cover/ebook/f/25804805.1653707389.jpg!cover_default.jpg,https://read.douban.com/ebook/25804805/,"[美] 杰克·凯鲁亚克, 译者: 刘春芳",本书是凯鲁亚克后期的半自传体小说，主人公杜洛兹是一位作家，是“垮掉的一代”所崇拜的偶像。他受邀去加利福利亚的海滨胜地大瑟尔度假，希望能亲近大自然并远离那些狂热的崇拜者。可事与愿违，他看到的大自然让他有压迫感，他甚至幻想海浪拍击堤岸的声音是对他种种罪恶的抨击。酗酒过度的杜洛兹在经历一番疯狂的风流韵事之后，精神几近崩溃，这也使他对垮掉派的理想落败进行痛苦的反思。    杰克·凯鲁亚克（1922-1969），1922年3月12日出生于马萨诸塞州洛厄尔，父母为法裔美国人，他是家中幼子。他曾在当地天主教和公立学校就读，以橄榄球奖学金入纽约哥伦比亚大学，结识艾伦·金斯堡、威廉·巴勒斯和尼尔·卡萨迪等“垮掉的一代”。                                                                                               凯鲁亚克大学二年级退学从事文学创作，并辗转于美国海军和商用航运公司等处。1950年，第一部小说《乡镇和城市》出版。1957年的《在路上》问世后，他成为“垮掉的一代”的代言人，跻身二十世纪最有争议的著名作家行列。  他还著有《达摩流浪者》、《地下人》、《孤独的旅人》和《孤独天使》等作品。1969年10月21日，凯鲁亚克在佛罗里达圣彼得堡去世，享年47岁。,126497字,31.28元
嗜血的皇冠：光武皇帝之刘秀的秀（大结局）,https://pic.arkread.com/cover/ebook/f/111920145.1653700146.jpg!cover_default.jpg,https://read.douban.com/ebook/111920145/,曹昇,在《流血的仕途：李斯与秦帝国》中，曹昇复活了千古一相李斯的风采，对这位传奇人物的刻画及其精神世界的重建，更是入骨三分，力透纸背。而这一次，这个史界第一才子，将他睥睨的目光转向了“允冠百王”的东汉王朝开创者——汉光武帝刘秀。  新作《嗜血的皇冠：光武皇帝之刘秀的秀》，在曹昇天马行空的文笔下，重现新朝末年至东汉初年历史的风云际会，历史的血色风流，将刘秀、刘縯、王莽这一个个人物，隔着绵长的时间带到读者面前，向我们展现出了另一种理解历史的境界。    曹昇：新派历史小说名家，出版有《流血的仕途》《嗜血的皇冠》等历史畅销佳作。《流血的仕途》首版推出仅四个月后，即达四十万册的惊人销量，被中国书业评选为“2007年人文社科类图书年度最受欢迎历史小说”。三十而立的曹昇，一举成为历史写作新一代大师级领军人物。读者称其为“曹三公子”。曹昇挟令人惊叹的写作才华，一反以往历史小说的平铺刻板，以诙趣的笔法还原历史，用鲜活的文字复原历史，将当时多变的历史格局与李斯运筹帷幄的政治智慧写得妙趣横生、自成一派，被读者誉为近年来“极具智慧的历史小说家”。,189188字,18.75元
鲁迅文学全集（全7册）,https://pic.arkread.com/cover/ebook/f/124608990.1653699247.jpg!cover_default.jpg,https://read.douban.com/ebook/124608990/,鲁迅,鲁迅是中国现代伟大的文学家、思想家。他是一位高产作家，涉足的领域也很广泛。全套《鲁迅全集》总计有600多万字，共20卷。作品类型包括文学创作、古籍校辑、文艺理论、翻译作品等。  诚如蔡元培所说：“鲁迅著作方面较多，蹊径独辟，为后学开示无数法门。”但是对于一般的读者而言，一部《鲁迅全集》实在是太过繁多。鲁迅的所有作品中，以文学作品最为一般读者所了解和喜爱。本套书收全了鲁迅所写的小说、杂文、散文，以及部分诗歌。编校的底本采用的是1938年鲁迅先生纪念委员会主持编订的《鲁迅全集》。在编辑过程中，尽可能保留了原版的样貌。  全书内容和编排体例均与原版相同，只调整了个别篇章的内容。全书文字校订方面，除了将繁体竖排转为简体横排外，仅改正了原版中个别错字和标点。其中通假字和鲁迅习惯用字，完全按照原版保留。另有外国人名、地名等，均保留原版的译法。    鲁迅（1881－1936），原名周树人，字豫才，小名樟寿，至三十八岁，始用鲁迅为笔名。浙江省绍兴人。中国现代伟大的文学家、思想家。  幼时就读于绍兴府城内私塾三味书屋，1898年考入江南水师学堂，1899年改入江南陆师学堂附设矿路学堂，1902年被选派赴日本留学，入读东京弘文学院，1904年转入仙台医专学医。1906年终止学医，在东京研究文艺。  1909年回国，在浙江两级师范学堂和绍兴中学堂任教。1912年民国政府成立后，先后在教育部及北京师范大学、北京大学、厦门大学、中山大学等校任职。  1918年第1次以“鲁迅”为笔名，在《新青年》发表了第1篇小说《狂人日记》。此后陆续出版小说集《呐喊》《彷徨》，论文集《坟》，散文诗集《野草》，散文集《朝花夕拾》，杂文集《热风》《华盖集》《华盖集续编》等专集。1926年间编著《汉文学史纲要》《而已集》及《故事新编》的部分作品。1927年到上海，专事著作。陆续写作了《南腔北调集》《三闲集》《二心集》《伪自由书》《准风月谈》《花边文学》及三本《且介亭杂文》等大量杂文，抨击时弊、揭露黑暗，成为中国现代文化界的精神领袖。,1414343字,29.99元
村上陪你度过的难忘时光（套装3册）,https://pic.arkread.com/cover/ebook/f/415088914.1671076467.jpg!cover_default.jpg,https://read.douban.com/bundle/415088914/,村上春树,《村上T：我喜爱的T恤们》：村上春树2022全新随笔集！他是作家，更是生活家，和村上一起撸猫喝酒放松心情，过向往的生活  《第一人称单数》：暌违六年村上春树全新小说集，八个题材视角各异的精彩短篇，可以说是迈入从心所欲不逾矩之年的村上春树，回望人生爱与死主题的珠玉之作连发。结合了短歌、散文、音乐与小说，展开村上风格的全新复眼小说。  《弃猫：当我谈起父亲时》：“某个夏日的午后，父亲和我一同去海边遗弃一只猫。”故事始于猫，也止于猫。一件件生活中的小事，串起村上家族的往事，与他个人的成长经历。“正是这一件件小事无穷地累积，才让我这个人长成如今的模样。”,123267字,86.0元
丝路古船,https://pic.arkread.com/cover/ebook/f/449210300.1701327586.jpg!cover_default.jpg,https://read.douban.com/ebook/449210300/,李师江,少年船仔与父亲老欧出海，遇到海难，为海盗池木乡所救，却意外地卷入一场与海上丝绸之路有关的盗捞行动中……  文物贩子练丹青，阴差阳错得到几块元代青花瓷的碎片，而后顺藤摸瓜，经友人李云淡钩沉史籍，获知碗礁一带有一艘满载金银与元代青花瓷的沉船，遂召唤“狱友”池木乡组成团伙密谋盗捞……  元末明初之际，闽人陈秋生赴安南经商。在得知故乡饥荒时，陈秋生冒着巨大的风险，嘱其子将红薯藤带回故乡，拯救乡民。明宣德三年，陈氏携家眷、金银、元青花瓷返乡，不料遭遇海盗，陈氏毅然决定沉船……  历史与现实中，每个人都有每个人的欲望、执念、迷思，而在本书的描绘与刻画中，海上丝路的历史，同宏阔、自由的海洋，都带给人们别样的寄托与抚慰，蕴含着给当下社会心理痼疾的解救力量。海上丝路的传奇，以及这份厚重的历史沉淀能带给今人的福泽，都得到了呈现……  本书入选中国作家协会“新时代文学攀登计划”。    李师江，生于1974年5月，汉族。籍贯福建宁德，1997年毕业于北京师范大学中文系，现为职业作家、编剧。著有长篇小说《逍遥游》《中文系》《非比寻常》《福寿春》《哥仨》《神妈》《福州传奇》《黄金海岸》等。编剧电影《沃土》（王小帅导演）及《六个凶手》（赵非导演）等。  早期小说专注于挖掘时代中个人的内心成长，后专注于“东魂西技”的写法，将类型小说技术与纯文学融合，注重故事性，写出极端矛盾中的人性考验。被誉为“中国最隐秘的小说天才”。,130309字,36.0元
蓝色夏威夷,https://pic.arkread.com/cover/ebook/f/454515828.1706688059.jpg!cover_default.jpg,https://read.douban.com/ebook/454515828/,"[日] 青山七惠, 译者: 宋刚",★芥川奖作家青山七惠关于内向者的短篇集，直击人际关系的微妙距离感  ★六个短篇，六位女性，六段非典型的人生片段，写给所有不需要闪闪发光，只希望生活在自己的小小世界的人  ★我们的个性正是体现在与他人保持距离、建立关系的方式上  本书是日本新锐女作家青山七惠的短篇小说集。讲述了《蓝色夏威夷》《龙年》《圣尼古拉斯日》等六篇以女性为主人公的故事。  从大城市回到家乡小镇的优子非常失意，曾经当过老师的她目前在当地的一家玩偶制作公司打零工，日子沉闷平淡。一次偶然的机会，优子中了夏威夷旅行的大奖，这让她重新对生活有了希望。可是公司里面热爱管闲事的大婶们却误以为优子会和公司的一个男同事一起去旅行。这种气氛宛若泥淖困住了不善言辞的优子，更让优子不知所措的是，一名自己曾经教过的学生出现在眼前……    青山七惠（1983- ）日本新锐小说家。2005年凭借小说处女作《窗灯》获第42届日本文艺奖，在文学界崭露头角。2007年以《一个人的好天气》获得第136届芥川龙之介奖。2009年以《碎片》获得第35届川端康成文学奖。2012年任群像文学新人奖评委。近作有长篇小说《快乐》《命运的长线》，短篇集《风》《跳舞的星座》《蓝色夏威夷》等。,87890字,48.99元
怪谈：读客三个圈经典文库,https://pic.arkread.com/cover/ebook/f/432678475.1684913212.jpg!cover_default.jpg,https://read.douban.com/ebook/432678475/,"[日] 小泉八云, 译者: 王新禧",小泉八云生于希腊，长于爱尔兰，却痴迷日本文化，创作了大量家喻户晓的怪谈故事。无耳芳一、雪女、青柳精、食梦貘……这些妖怪原本在村野夜话中只有模糊的形象，直到遇见小泉八云，才变得有血有肉、有情有义，真正被大众熟知！  本书对小泉八云的全17卷作品进行了全面的搜检，从《怪谈》《灵之日本》《天河绮谭及其他》《骨董》等书中辑录所有怪谈故事，把《怪谈》由初版的17篇，补足至69篇！    小泉八云  日本近代怪谈文学鼻祖，民俗学家。  小泉八云原名拉夫卡迪奥·赫恩，在日本文学史上是一个特殊的存在。他生于希腊，长于爱尔兰，却痴迷日本文化。40岁时只身赴日，在日本娶妻生子，改名为小泉八云。他一生致力于搜罗整理日本古籍及民间传说中的怪谈故事，并将其改编，赋予这些故事全新的面貌，被誉为日本近代怪谈文学鼻祖。  小泉八云从小沉溺在希腊神话故事和凯尔特传说中，又深受西方人文思想和唯美主义的影响这些元素集中体现在《怪谈》中。他用特有的“希腊人的锐敏的审美力，拉丁人的强烈的感官欲与飘忽的情绪，爱尔兰人的诙诡的癖性，东方民族的迷离梦幻的直觉”，赋予妖怪美好、无私、动人的情感，并把“爱重于死”这一思想融入其中，塑造了一个个或怨或恨，或痴或执着，甚至比人更至情至性的妖怪形象。,179585字,65.0元
着魔,https://pic.arkread.com/cover/ebook/f/247610337.1653694778.jpg!cover_default.jpg,https://read.douban.com/ebook/247610337/,"[波] 维托尔德·贡布罗维奇, 译者: 林洪亮",本书是贡布罗维奇创作的一部哥特式小说。故事讲述了年轻人瓦尔查克到波兰一个农庄去给奥霍沃夫斯卡小姐做网球陪练，周围人惊讶地发现，这两个阶层出身完全不同的人“极其相似”。奥霍沃夫斯卡小姐与霍拉维茨基订了婚，他是附近城堡主人的贴身秘书。只有三个人居住的老城堡并不太平，瓦尔查克听说了神秘传闻，不禁愈发好奇，他希望解开城堡隐藏的秘密，也想揭开奥霍沃夫斯卡小姐心底的秘密……    维托尔德·贡布罗维奇（Witold Gombrowicz，1904-1969），波兰著名小说家、剧作家，被米兰·昆德拉誉为“我们这个世纪最伟大的小说家之一”，与卡夫卡、穆齐尔、布鲁赫并称为“中欧四杰”。  贡布罗维奇出生于波兰，曾在华沙大学学习法学，后赴法国深造两年。1939年横渡大西洋到阿根廷后，适逢二战爆发，滞留南美达二十四年之久。1963年获得福特基金会全年奖金，在柏林逗留。1964年，他到法国南部的旺斯定居，1967年获得国际文学奖。1969年7月24日，贡布罗维奇在旺斯辞世。  贡布罗维奇用母语写作，作品被翻译成多种语言出版，由于他不接受二战后的政治体系，他的大部分作品都不得在波兰出版，直到1986年，波兰才开始出版他的组品全集。,203351字,29.0元
侠盗鲁平（全套装共20册）,https://pic.arkread.com/cover/ebook/f/157998179.1653696177.jpg!cover_default.jpg,https://read.douban.com/ebook/157998179/,孙了红,孙了红是我国反侦探小说的开创者，他模仿西方“侠盗”亚森·洛宾的形象，创造了中国的“侠盗”鲁平。鲁平行踪诡秘，擅长易容，是个令警方头痛的通缉犯。    作品的主角虽然是“侠盗”而非侦探，其结构却仍然是侦探小说，只是侦破者不是警察，不是侦探，而是“侠盗”鲁平。作者博采西方侦探小说各主要流派之长，又巧于构思，每一篇故事都注重悬念的设置，追求感官刺激，甚至会运用“意识流”等超前写法。其文字明快流畅，其情节离奇曲折，是我国侦探小说发展史上的独妙之作。,525295字,119.0元
再嫁,https://pic.arkread.com/cover/ebook/f/24657315.1653698470.jpg!cover_default.jpg,https://read.douban.com/ebook/24657315/,伊一,精通医术的苏年锦，在一次执行任务中，意外来到异世空间的大燕王朝。  前朝太子萧沐原在国灭时隐姓埋名沦落街头，与变成小孩子的苏年锦靠偷抢过活。  十五岁时，苏年锦在不知情的情况下，被萧沐原选作间谍，安排到怡睿王府窃取情报。  王府内，她偶然结识了同样来到燕朝的女子夏芷宜。  苏年锦心思细腻，处事谨慎，一心只想救出青梅竹马的恋人。  而夏芷宜观念前卫，思想开放，喜欢结交不同的男人。  王府内勾心斗角，朝堂上波谲云诡……  谜团逐渐解开，真相渐渐清晰，苏年锦发现一切居然都是骗局，原来自己一直都被利用着。  他惜她、爱她、护她；她却骗他、伤他、害他……  机关算尽，最终到手的究竟是两情相悦还是怨入骨髓？    伊一  女，80后，国企职员，成名于网络，在数家言情网站驻站，并小有名气。伊为女子，一为专注。生于小城，耽于写字。喜欢一切温暖的人和物，希望将百般人物诉诸笔端，描绘人世风景。本书是作者精心打造的华丽古言大作，文笔灵动讨喜，更符合古言小说的新一代年轻读者的阅读口味。,334765字,19.99元
水车馆事件,https://pic.arkread.com/cover/ebook/f/55660734.1653702260.jpg!cover_default.jpg,https://read.douban.com/ebook/55660734/,"[日] 绫辻行人, 译者: 龚群","1970年秋 藤沼一成完成了传说中的神作《幻影群像》。  1971年 9月28日 藤沼一成逝世，其子藤沼纪一继承了家业。  1973年10月 由里绘被纪一收养，后成为了他的妻子，从未走出过“水车馆” 。  1973年12月24日 纪一发生车祸，面部和四肢受到严重创伤；同行的正木慎吾未受重伤，但未婚妻不幸离世。  1975年 纪一委托中村青司建成了“水车馆”。他和由里绘搬入此馆，并将父亲一成的几乎全部画作藏于馆内。《幻影群像》从此“不见天日”。  1985年4月 流浪了十余年的正木慎吾回到“水车馆”。  1985年9月28日至29日 一年一度的“一成作品展示聚会”如期举行。女佣根岸文江坠楼身亡；来宾之一的古川恒仁在偷窃了一成的作品后，离奇地消失在了密室里；正木慎吾在追踪古川的过程中神秘失踪，后发现其尸体被肢解后投于焚烧炉中焚毁。  1986年9月28日 “一成作品展示聚会”再次举行。除了上次的那些来宾，一位叫岛田洁的怪人不请自来，“水车馆事件”拉开序幕……    绫辻行人,1960年12月23日生，日本京都人，京都大学教育学系毕业，并取得京都大学硕士学位。他以《十角馆杀人预告》开始步入文坛，掀起一股“本格派推理”的旋风，成为众所瞩目的新锐作家。他的“馆系列”推理小说不仅深受读者喜爱，也奠定了他在文坛的地位。此外，他的恐怖小说《杀人鬼》、《眼球绮谭》等作品也引起了很大的反响，书中除了浓浓的恐怖美学外，也陷藏着悬疑推理的布局，别具特色，让人又爱又怕。 1992年，他以《钟表馆幽灵》获得第45届日本推理作家协会奖。1998年他亲自写剧本，并兼任导演，完成游戏软件“YAKATA”。1999年他又得到了第30届麻将名人赛的冠军，成为史上第一个拿到“麻将名人”的推理作家。",100580字,15.99元
宇宙龙骑士3：激斗！勇闯圣魔殿,https://pic.arkread.com/cover/ebook/f/403394191.1659342499.jpg!cover_default.jpg,https://read.douban.com/ebook/403394191/,彭绪洛,本书好不容易在韦德星球上拿到了生物能量，巫子涵、伊赛亚、白若曦和穆巴砂正准备返回地球，突然，一张神秘的沙网从天而降。一阵沙雨过后，希尔老师竟变成了一摊沙子！就在大家不知所措时，伊赛亚逮住了一只酷似癞蛤蟆的精灵狸蛤。从它口中。少年们得知原来希尔老师是被魔王耶鲁手下的沙精灵掳走了，要想救回老师，就必须前去孔雀湖中的圣魔殿寻找圣魔珠。但看守圣魔殿的四大魔将个个实力高强，少年们该如何应对，结局能否救出希尔老师呢？    彭绪洛，儿童文学作家、探险家。中国作家协会会员，中国少数民族作家学会会员，中国原创儿童探险小说领军人物。土家族，笔名洛清、清江水，1981年1月出生于湖北长阳土家山寨，15岁开始发表作品，21岁加入湖北省作家协会，27岁开始专职从事儿童文学创作，30岁加入中国作家协会。现已出版“少年冒险王”系列、“时光定位钟”系列、“兵马俑复活”系列等40余部作品。多年来致力于慈善事业和爱心事业。出版作品由《少年冒险王》《楼兰古国大冒险》《郑和西洋大冒险》《虎克大冒险》《宇宙冒险王》《我的探险笔记》等70余部。曾经徒步穿越敦煌段雅丹龙城、神农架和古蜀道，攀登过海拔5396米的哈巴雪山，成功穿越过罗布泊，到达过楼兰古城、余纯顺遇难地、塔克拉玛干沙漠、高昌故城、塔里木盆地等神秘之地。,50364字,6.99元
上京,https://pic.arkread.com/cover/ebook/f/419327867.1675660410.jpg!cover_default.jpg,https://read.douban.com/ebook/419327867/,李唐,1918年，京城。天下大乱，军阀混战，列强盘踞。供职于“燕社”的职业刺客梦生接到最新任务——上京刺杀日本贵族山内丰成。一向不涉政治的“燕社”这次替谁杀人？出于何种目的？  刺杀目标终日有专人护卫，梦生只得持续跟踪，伺机而动。数月间，一向独来独往，只做他人手中刀的梦生，遇到不少奇人奇事，情感和思想受到冲击。  梦生曾笃信：“每个人都有自己的‘命’，都得走自己的道儿。”上京以来，心中屡屡生疑，试图摆脱刺客命运，挣脱自身的隐秘与软弱。    李唐，小说家，诗人。1992年生，14岁开始写诗，18岁写小说。曾获第四届“紫金·人民文学之星”中篇小说奖、十月文学奖、“台湾X19诗奖”首奖。已出版中短篇小说集《我们终将被遗忘》《菜市场里的老虎》、中篇小说《酒馆关门之前》、长篇小说《身外之海》《月球房地产推销员》。  《月球房地产推销员》版权输出到中国台湾地区，由自由之丘出版社出版。小说《降落》已被翻译为韩文，发表在《路灯》杂志；小说《世界尽头的小镇》已被翻译为英文，发表在Spittoon杂志。,113518字,39.2元
不存在的骑士（卡尔维诺百年诞辰纪念版）,https://pic.arkread.com/cover/ebook/f/445993692.1698215863.jpg!cover_default.jpg,https://read.douban.com/ebook/445993692/,"[意] 伊塔洛·卡尔维诺, 译者: 吴正仪",🛡️存在与不存在，在每一个人的内心搏斗。  1947年，卡尔维诺出版了首部小说《通向蜘蛛巢的小径》，从此致力于开发小说叙述艺术的无限可能。接下来，从1952年至1959年期间，完成了脍炙人口的“我们的祖先”三部曲《分成两半的子爵》《树上的男爵》《不存在的骑士》和其他小说作品。  这三个故事代表通向自由的三个阶段，关于人如何实现自我的经验：在《不存在的骑士》中争取生存，在《分成两半的子爵》中追求不受社会摧残的完整人生，在《树上的男爵》中有一条通向完整的道路——这是通过对个人的自我抉择矢志不移的努力而达到的非个人主义的完整。  译林独家版权出版，全新打造卡尔维诺百年诞辰纪念版。丛书还包括《看不见的城市》《分成两半的子爵》《树上的男爵》《马可瓦尔多》《生活在树上：卡尔维诺传》。  我们，究竟如何证明自我的存在?  阿季卢尔福，一副行走的铠甲，一名不存在的骑士。他由精神力和骑士的高傲灵魂组成，凭借意志的力量效忠查理大帝，唯有他使铠甲具有意义。当他名扬天下的业绩被挑战、被质疑、将被抹杀的时候，他的存在还能成立吗？  收录卡尔维诺亲笔后记，讲述“我们的祖先”三部曲创作历程：《不存在的骑士》远非尾声，而是序曲。    关于生平，卡尔维诺写道：“我仍然属于和克罗齐一样的人，认为一个作者只有作品有价值，因此我不提供传记资料。我会告诉你你想知道的东西。但我从来不会告诉你真实。”  1923年10月15日生于古巴，1985年9月19日在滨海别墅猝然离世，而与当年的诺贝尔文学奖失之交臂。  父母都是热带植物学家，“我的家庭中只有科学研究是受尊重的。我是败类，是家里唯一从事文学的人。”  少年时光里写满书本、漫画、电影。他梦想成为戏剧家，高中毕业后却进入大学农艺系，随后从文学院毕业。  1947年出版《通向蜘蛛巢的小径》，从此致力于开发小说叙述艺术的无限可能。  曾隐居巴黎15年，与列维-施特劳斯、罗兰·巴特、格诺等人交往密切。  1985年夏天准备哈佛讲学时患病。主刀医生表示自己未曾见过任何大脑构造像卡尔维诺的那般复杂精致。,71409字,25.99元
西岸传奇三部曲,https://pic.arkread.com/cover/ebook/f/477757849.1726647287.jpg!cover_default.jpg,https://read.douban.com/ebook/477757849/,"[美] 厄休拉·勒古恩, 译者: 贺丹, 译者: 陶雪蕾",◆永远的奇幻女王厄休拉·勒古恩！  宫崎骏的灵感来源·村上春树的偶像·阿特伍德的劲敌与挚友。  荣获8次雨果奖、6次星云奖、24次轨迹奖、美国科幻奇幻作家协会大师奖。  ◆科幻奇幻史上里程碑式的巨匠厄休拉·勒古恩！  ◆迷茫时忠于自己的内心，就能做出正确的选择。  当一个孩子学会爱、阅读、自由，就是他长大的时刻。  ◆比肩《地海传奇》，勒古恩叩问“超能力”本质的心灵成长史诗！  ◆在神秘邈远的西岸世界，有孕育和禁锢天赋的贫瘠高山，有自由之魂栖息的奴隶城邦，有借优美诗篇散播信念与希望的吟游诗人。  ◆《X战警》式超能力外衣+《安德的游戏》式深刻自省！当天赋成为诅咒，当阅读成为禁忌，当“自由”不被需要……  ◆（厄休拉·勒古恩的）书一直放在枕边，没有一刻拿开过。烦恼的时候，困的时候，一遍遍反复读着。——宫崎骏（动画大师）  ◆中文版初次引进。  在神秘邈远的西岸世界，少年苦痛迷茫，命运磅礴动荡：  少年奥莱克戴上蒙眼布，封印自己的灵能，因为它消灭敌人，也伤害至亲；  少女梅默生于“无书之城”，在这里，书籍被焚毁，被斥为孕育罪恶的魔鬼；  小奴隶迦威尔亲历一场葬礼，死亡撕碎“公正与秩序”的假象，也让他质疑自己温柔驯服的前半生。    厄休拉·勒古恩（Ursula K. Le Guin，1929—2008）  世界公认的奇幻女王，与托尔金和C.S.刘易斯并称为“幻想文学三巨头”。一生获奖无数：8次雨果奖、6次星云奖、24次轨迹奖、美国科幻奇幻作家协会大师奖……  她是宫崎骏的灵感来源，是阿特伍德的“劲敌”和挚友，是村上春树尤为钟爱的女作家。  她是科幻奇幻史上里程碑式的巨匠，用“心灵征战”让青少年奇幻摆脱“魔法奇观”的窠臼（《地海传奇》）；将性别视角引入科幻叙事（《黑暗的左手》）；用东方道家思想革新西方乌托邦文学（《天钧》）。  《西岸传奇》是勒古恩继《地海传奇》之后的又一部青少年奇幻史诗。在神秘邈远的西岸世界，少年们痛苦蜕变，在失去中成长，领悟爱、阅读、自由的真谛。,444587字,194.8元
大鱼、小鱼和虾米,https://pic.arkread.com/cover/ebook/f/484035263.1730972335.jpg!cover_default.jpg,https://read.douban.com/ebook/484035263/,邱华栋,《大鱼、小鱼和虾米》是当代名家邱华栋的一部中篇小说集，收录了“鼹鼠人”、“黑暗河流上的闪光”、“相亲”、“塑料男和简单方便女”、“午夜狂欢”、“平面人”等8篇文章。这些作品时间跨度比较大，从20世纪末期到21世纪的头十年，可以看出邱华栋在写作技巧上、关注焦点上的诸多变化。既有对当下生活的痛切关注，也有对后现代的批判式迷离。    邱华栋，著名小说家、诗人、评论家。曾为《青年文学》杂志执行主编、《人民文学》杂志副主编。现为鲁迅文学院副院长。迄今发表出版共300余万字，多部作品被译成法文、德文、日文、韩文、英文、越南文等。,246519字,11.4元
恋川,https://pic.arkread.com/cover/ebook/f/170047280.1653695461.jpg!cover_default.jpg,https://read.douban.com/ebook/170047280/,"[日] 渡边淳一, 译者: 时卫国",东京赤坂的“星期三的早晨”酒馆仿佛一个舞台，七个纵横交错、互相延伸的恋爱故事依次上演。有人为了恋人“捐骨”，逼得对方走上绝路；有人为了爱人“催产”，使得丈夫蜕变成熟。有人轰轰烈烈一番，彼此却终成过往，有人永别激情之后，才找回*真实的守望。五彩缤纷的恋爱世界，光怪陆离的世事人间，酸甜苦辣，味味俱全。    渡边淳一（1933—2014），日本著名文学大师、国民作家。1933年出生于北海道。毕业于札幌医科大学，一度曾任骨科医生，后弃医从文，专业从事文学创作。以小说《光与影》获直木文学奖，以《遥远的落日》获吉川英治文学奖。2003年获日本政府“紫绶褒章奖”。  2014年4月30日，渡边淳一因癌症逝世，享年80岁。一生共发表130多部作品，代表作为《失乐园》，其中描写的不伦性爱，引发巨大反响，并相继被拍成电视连续剧和电影，在日本掀起了“失乐园”热。其他代表作包括将现代情爱观融入日本古典美的《化妆》，“爱与性”的主题的《红城堡》，临终遗作、最后一部自传体小说《我永远的家》等。作为网友评选出的排名第一的日本对华友好人士，渡边淳一对日本政府不肯反省侵略战争予以严厉批判，显示了一位伟大文学家对历史应有的自觉与责任感。,82121字,19.5元
犹太童话与传说,https://pic.arkread.com/cover/ebook/f/7678109.1653700970.jpg!cover_default.jpg,https://read.douban.com/ebook/7678109/,"[英] 格特鲁德·兰达, 译者: 吕杭蔚",此书为《犹太童话与寓言》的续作，重述了经典的犹太儿童故事，富有想象力。  本书不仅适于孩子阅读，成人也可从中了解犹太人的文化与传说。  当儿童玩具不再与你相伴，  愿书籍可以成为你的陪伴；  也愿每本书都能给你祝福，  让你每天过得快乐幸福。  ——露丝·兰达  Gertrude Landa是记者、小说家、剧作家，用笔名Aunt Naomi写作。她嫁给了一位英国犹太作家，夫妇俩一同出版了许多小说和剧作。她的《犹太童话与寓言》以通俗易懂的语言介绍了犹太的历史文化，大受欢迎。,92245字,12.0元
一跃而下,https://pic.arkread.com/cover/ebook/f/484019576.1730877117.jpg!cover_default.jpg,https://read.douban.com/ebook/484019576/,顾文艳,《海怪》，透明的怪鱼是灾异的预兆，或是拯救的讯号？  《仍然活着》，她看到曾经艳羡的一切在眼前破碎。  《恩托托阿巴巴》，咒语从duke口中滑落，像一朵反重力脱落的蘑菇。  《人工湖》，湖水漫溢，内部与外部的界限正在消失。  《世界已老》，早秋的淮海路上，我开始褪色。    顾文艳，新锐作家，青年学者；铁人三项赛（STC）奥运标准距离女子年龄组冠军。  1991年生于浙江湖州，曾求学美国、法国、德国、奥地利多地，现任华东师范大学中文系副教授，上海市晨光学者。出版学术专著《辩证性的文学守望：中国现当代文学在德语世界》，著有长篇小说《十人孤独礁》《偏执狂》等。  最新作品为小说集《一跃而下》。,79520字,20.99元
恋川,https://pic.arkread.com/cover/ebook/f/170047280.1653695461.jpg!cover_default.jpg,https://read.douban.com/ebook/170047280/,"[日] 渡边淳一, 译者: 时卫国",东京赤坂的“星期三的早晨”酒馆仿佛一个舞台，七个纵横交错、互相延伸的恋爱故事依次上演。有人为了恋人“捐骨”，逼得对方走上绝路；有人为了爱人“催产”，使得丈夫蜕变成熟。有人轰轰烈烈一番，彼此却终成过往，有人永别激情之后，才找回*真实的守望。五彩缤纷的恋爱世界，光怪陆离的世事人间，酸甜苦辣，味味俱全。    渡边淳一（1933—2014），日本著名文学大师、国民作家。1933年出生于北海道。毕业于札幌医科大学，一度曾任骨科医生，后弃医从文，专业从事文学创作。以小说《光与影》获直木文学奖，以《遥远的落日》获吉川英治文学奖。2003年获日本政府“紫绶褒章奖”。  2014年4月30日，渡边淳一因癌症逝世，享年80岁。一生共发表130多部作品，代表作为《失乐园》，其中描写的不伦性爱，引发巨大反响，并相继被拍成电视连续剧和电影，在日本掀起了“失乐园”热。其他代表作包括将现代情爱观融入日本古典美的《化妆》，“爱与性”的主题的《红城堡》，临终遗作、最后一部自传体小说《我永远的家》等。作为网友评选出的排名第一的日本对华友好人士，渡边淳一对日本政府不肯反省侵略战争予以严厉批判，显示了一位伟大文学家对历史应有的自觉与责任感。,82121字,19.5元
霍桑小说全集（套装全4册）,https://pic.arkread.com/cover/ebook/f/402782585.1658817610.jpg!cover_default.jpg,https://read.douban.com/bundle/402782585/,纳撒尼尔·霍桑,作为美国十九世纪浪漫主义小说家的杰出代表，霍桑和爱伦·坡共同开创了短篇小说这一体裁，是美国文学史上浪漫主义小说的创始人、心理分析小说的鼻祖、象征主义手法的奠基人和科学幻想小说的开拓者，在美国文学史乃至世界文学史上影响深远，从赫尔曼·麦尔维尔开始，亨利·詹姆斯、威廉·福克纳，直至当代的犹太作家索尔·贝娄和艾萨克·辛格、黑人女作家托妮·莫瑞森等无不继承和发挥了他的写作手法。其代表作《红字》已成为世界文学经典。  《霍桑小说全集》共四卷一百三十多万字，包括第一卷《范肖》《重述的故事》，第二卷《红字》《福谷传奇》，第三卷《七个尖角顶的宅第》《古屋青苔》，第四卷《玉石人像》《雪人及其它复述的故事》，基本上囊括了霍桑的全部长篇小说和短篇精品，体现了霍桑的整体创作成就和作品风格。这是一套外国文学爱好者和研究者必备的枕边书。,1154936字,160.0元
犹太童话与传说,https://pic.arkread.com/cover/ebook/f/7678109.1653700970.jpg!cover_default.jpg,https://read.douban.com/ebook/7678109/,"[英] 格特鲁德·兰达, 译者: 吕杭蔚",此书为《犹太童话与寓言》的续作，重述了经典的犹太儿童故事，富有想象力。  本书不仅适于孩子阅读，成人也可从中了解犹太人的文化与传说。  当儿童玩具不再与你相伴，  愿书籍可以成为你的陪伴；  也愿每本书都能给你祝福，  让你每天过得快乐幸福。  ——露丝·兰达  Gertrude Landa是记者、小说家、剧作家，用笔名Aunt Naomi写作。她嫁给了一位英国犹太作家，夫妇俩一同出版了许多小说和剧作。她的《犹太童话与寓言》以通俗易懂的语言介绍了犹太的历史文化，大受欢迎。,92245字,12.0元
新生,https://pic.arkread.com/cover/ebook/f/36562879.1653701008.jpg!cover_default.jpg,https://read.douban.com/ebook/36562879/,"[日] 岛崎藤村, 译者: 黄淑清, 译者: 林燕, 译者: 刘弘毅","本书讲述了主人公岸本捨吉为自己与侄女节子之间的恋情（史称“新生”事件）所苦恼,并试图摆脱困境和净化灵魂来获得新生的心路历程。从作者自身的情况来看，主人公即为作者自身写照。  这部作品写的是自大正元年即其虚岁四十一岁那年到大正七年这七年间所发生的事情，因而具有浓厚的自我告白特征。这是一部暴露作家亲历的乱伦事件的作品，它发表在事件还未结束的混乱时期。而小说的发表推动了事件的发展进程，并且实现了事件的最终解决。从小说对生活的全景描绘，其情节与现实的完全可逆关系而言，可以说，它将自然主义的私小说性用最彻底的形式展现给了读者。  岛崎藤村：（1872－1943）原名岛崎春树。参加了北村透谷等创办的杂志《文学界》，以第一本浪漫诗集《若菜集》，将日本近代浪漫诗发展到新的高度。之后转向小说发展，发表了《破戒》，开创了日本自然主义文学的先河。其他代表作有诗集《落梅集》，长篇小说《黎明之前》。",235898字,18.99元
长崎,https://pic.arkread.com/cover/ebook/f/56455285.1653702175.jpg!cover_default.jpg,https://read.douban.com/ebook/56455285/,"[法] 埃里克·法伊, 译者: 余中先",埃里克·法伊所著的《长崎》是2010年法兰西学院小说大奖作品，创作灵感来源于一则社会新闻，讲述发生在一名50多岁日本男性和一名女性闯入者之间的故事。志村先生是一个普通的男人，一个人规律地生活着。然而从某一天开始，他渐渐发现一些细小的变化：他冰箱里的食品正慢慢消失，一些物品在他不在家时被非常轻微地移动过……于是他决定在家里安装一个摄像头，以便可以从他工作的气象站监视家中的情况，而他发现一个女人居然住在他的一个大衣橱中。这个女人没有家庭，没有固定住所，在他毫不知情的情况下，已经和他共享他的屋子有好几个月了……    埃里克·法伊，1963年生于里摩日，1990年起正式发表作品，其中不少为小说，例如《孤独的将军》（1992年）、《我是守灯塔的》（1997年）、《三边境的奥秘》（短篇集，1998年）、《化石之光及其他故事》（短篇集，1999年）、《雨之海上的巡游》（1999年）等。,39449字,14.99元
钢铁是怎样炼成的,https://pic.arkread.com/cover/ebook/f/31490858.1653698659.jpg!cover_default.jpg,https://read.douban.com/ebook/31490858/,"[苏] 奥斯特洛夫斯基, 译者: 刘军",本书描写保尔·柯察金作为一个普通工人的儿子，经历第一次世界大战、十月革命、国内战争和国民经济恢复时期的严峻生活。  革命者在斗争中百炼成钢，是小说的一个重要主题。小说通过保尔·柯察金的成长道路，告诉人们，一个人只有在革命的艰难困苦中战胜敌人也战胜自己，只有在把自己的追求和祖国、人民的利益联系在一起的时候，才会创造出奇迹，因此本书的教育意义十分深刻。    尼古拉·阿列克谢耶维奇·奥斯特洛夫斯基，“保尔·柯察金”的原型，前苏联著名的无产阶级作家，被苏联政府授予列宁勋章，以表彰其在文学方面的创造性劳动和卓越贡献。代表作有《钢铁是怎样炼成的》《暴风雨所诞生的》等。,214895字,9.9元
上帝的指纹,https://pic.arkread.com/cover/ebook/f/4724255.1653698793.jpg!cover_default.jpg,https://read.douban.com/ebook/4724255/,"[英] 奥斯汀·费里曼, 译者: 龙婧",讲述人们称宋戴克医师是“披着狼皮的羊”，他接手了一桩非常离奇的案件：经营南非钻石的霍比公司丢失了一包价值连城的血钻，空空如也的保险箱内只留下一枚带着切口的血色指印。警方依据指纹，认定霍比先生的侄子诺柏就是作案人。然而，一枚血红的指印是否就能证明一切？明显的事实同背后的真相之间，是否有着不为人知的秘密？宋戴克以其冷静敏锐的观察，专业理性的思考力图向人们证明“指纹也会说谎”。正当他全力调查案件的真相时，一辆疾驰的马车从他身后飞奔而来，死亡也接踵而至。  他转了转显微镜的镜片，发现诺柏·霍比在失窃现场留下的指纹上有一条S型的空白。这或许只是一个巧合，但也有可能是一种暗示。于是他深入霍比家族进一步取证，却不想一个美丽女子的出现夺走了同事的心，而诺柏的辩护律师也信誓旦旦地声称诺柏有罪——难以忽略的疑虑油然而生，突然，一双手从浓雾中伸出并将他推向了疾驰而来的车辆！  午夜时分，他拖着疲惫的身子走在寂静的大街上，不安的脚步声却再次在身后响起……  奥斯汀·弗里曼，英国著名推理作家，出生于伦敦苏活区，十八岁进入米德尔塞克斯医院学习医学。毕业之后远赴非洲黄金海岸，担任外科医生。后因病回国，转而开始了文学创作。  他的第一部桑戴克长篇小说《上帝的指纹》开创了“反叙述性推理”的先河，之后陆续发表了一系列的小说，包括《歌唱的白骨》、《死神之眼》等等，在推理小泌史上占有独特的伟大地位。弗里曼笔下的桑戴克堪称侦探小说史上科学办案的典范，也是美国犯罪现场鉴征科、实验室的灵感起源，使科学断案的方法首次被应用?刑侦领域，纽约警察也因此创立了世界第一家警用化验室。,120531字,9.9元
时契者合集（套装全3册）,https://pic.arkread.com/cover/ebook/f/446186978.1698396625.jpg!cover_default.jpg,https://read.douban.com/bundle/446186978/,彭柳蓉,《时契者：少女明染》：一天黄昏，十二岁的明染和爸爸去超市购物。准备买些新鲜鱼虾时，她看到远处的巧克力货架旁站着一名白衣少年。少年打了个响指，灯光在几秒里开开关关，人群模糊成快速闪现的影子。隐隐发光的粉末飞到明染身旁，凝聚成一颗蓝色光珠，落进她的右手手心，随即消失不见了。“想联系我时，握紧右手，光珠会读取你的意识，传送给我。”明染抬起头，少年已经没有了踪影，超市恢复了正常。她举起右手，蓝色光芒若隐若现。身边的父亲没有发现任何异常，正低声询问明染喜欢什么鱼。  《时契者：大唐异人司》：“天上白玉京，十二楼五城。仙人抚我顶，结发受长生。”明染觉得，大唐诗人李白笔下的仙境只是神话。一天，她收到一件神秘传送装置，进入了由人工智能控制的白玉京。在这里，明染认识了拥有神奇能力的伙伴：能够预知未来的男孩、与鹤共舞的火焰少女、可以打开不同时空的书法家、读取人类意识的变形兽。他们都在寻找藏在白玉京里的宇宙能量。就在关键线索出现时，人工智能开启了消除外来者的攻击模式。  《时契者：永生族的秘密》：十二岁的少女明染拥有操控时间的能力，是罕有的异能人类——时契者。一天放学后，她感知到巨大的时间波动出现在她所在的城市。源源不断的河水正从施工的地基大坑中喷涌而出。一座龙神庙若隐若现，出现在河水深处。一尾金色鲤鱼从水中跃出，明染眼前出现了水波化成的信囊，竟是跨越时空，从北宋明道二年传递出的消息。与此同时，好朋友鸣幽在调查龙神庙时意外失踪，明染收到了鸣幽提前准备好的北宋户籍证明。寻着迷宫般的时间山谷，明染通过异能来到了北宋东京城。而这里也存在着时契者的对手——宇宙公敌黑暗星尘的气息。,199798字,63.0元
一九八四,https://pic.arkread.com/cover/ebook/f/19683731.1653708740.jpg!cover_default.jpg,https://read.douban.com/ebook/19683731/,"[英] 乔治·奥威尔, 译者: 苏福忠",《一九八四》（Nineteen Eighty-Four）是英国左翼作家乔治·奥威尔于1949年出版的政治小说。小说刻画了一个令人感到窒息和恐怖的，以追逐权力为最终目标的假想的极权主义社会。这部小说与英国作家赫胥黎著作的《美丽新世界》，以及俄国作家扎米亚京著作的《我们》并称反乌托邦的三部代表作。  在《一九八四》中， 世界被三个超级大国所瓜分，三个国家之间的战争不断，国家内部社会结构被彻底打破，均实行高度集权统治，以改变历史、改变语言，打破家庭等极端手段钳制人们的思想和本能。故事描述了主人公温斯顿这个大洋国“真理部”从事篡改历史工作的外围党员，在在工作中逐渐对其所处的社会和领袖“老大哥”（Big Brother）产生怀疑，并与另一位外围党员裘利亚产生感情，因而成为思想犯，在经历了专门负责内部清洗的“友爱部”的思想改造之后最终成为了“思想纯洁者”的过程。    乔治•奥威尔（George Orwell，1903-1950）：英国伟大的人道主义作家、新闻记者和社会评论家，著名的英语文体家。1903年出生于印度，1907年举家迁回英国，少年时代曾受教育于著名的伊顿公学，后因经济原因无力深造，被迫远走缅甸，参加帝国警察部队。终因厌倦殖民行径、痴迷写作而辞去公职，辗转回到欧洲，流亡伦敦、巴黎等地。1936年，西班牙内战爆发，参加左翼组织，因重伤返回英国，但最终树立社会主义信念。其代表作有《一九八四》和《动物农场》。  译者：苏福忠，著名翻译家，译作有《瓦尔登湖》《红字》《索恩医生》《文学》《莎士比亚》和厄普代克四部曲《兔子富了》等，著有《译事余墨》，另发表小说、散文、游记、评介文章和杂文等六十余万字。,184844字,4.99元
九州·斛珠夫人,https://pic.arkread.com/cover/ebook/f/412982904.1670310029.jpg!cover_default.jpg,https://read.douban.com/ebook/412982904/,萧如瑟,著名奇幻小说系列“九州系列”罕有的以女性视角切入的英雄悲歌。萧如瑟代表作，粉丝无数。  身世浮沉和江山予夺间的无望相思，誓死不渝却无法言说的深情守护，一部帝国兴衰下史诗般残酷而绮丽的爱恨传奇。那一捧晶莹圆润的鲛珠，辉映的唯有命运的讳莫如深……  采珠女海市，幼遇鲛人，那美丽而梦幻的生灵，在她掌心留下了“琅缳”二字。而这鲛人滴泪所成的明珠，让海市遇到了他——宦官方诸，曾经的年轻俊秀的六翼将、清海公世子，而今却隐于皇帝之侧，操纵着黑衣羽林军。他和帝旭之间纠葛不清的命运，渐渐消失在他唇边似是而非的笑痕中。  大徵朝，九州上又一个庞大的帝国。曾经的内乱夺去了年轻皇帝褚仲旭所有要守护的东西，所谓百姓和国家，只不过是他要求解脱的工具。遭人痛恨也好，被亲兄弟背叛也好，一切都已经不再重要。他自己创造的太平盛世，要自己毁去。  幽幽深海，重重宫墙，谁又能料到，一捧鲛人滴泪所成的明珠，竟搅动了这世间*变幻莫测的棋盘。  黑白落子间，势力消长，侵吞倾轧，永远困囿于经纬纵横之间的，是命运巨手下朝生暮死的蜉蝣。半盘残棋间，数十年人生隐约峥嵘，永远埋葬于烽火狼烟之中的，是身世浮沉间难以觅见的爱恨出路……  唯独他，愿将自己躺平成路，送她去到平安宁静的所在，哪怕让她恨他。而她，明知是局，但只要为了他，亦坚定地一步一步走了进去……  萧如瑟，作家，笔致凝丽，虐心至深，幻想天马行空，谋篇大气磅礴。  《斛珠夫人》是“九州”系列中描写鲛族的长篇力作，萧如瑟以令人惊艳的笔触写就了一部帝国兴衰与倾城红颜的绝世传奇。  代表作：《九州·斛珠夫人》《锈蚀天使》《妖言惑众》《九州·庞歌染尼》,206085字,13.99元
小英雄雨来,https://pic.arkread.com/cover/ebook/f/412430857.1668501454.jpg!cover_default.jpg,https://read.douban.com/ebook/412430857/,管桦,本书是2022年版义务教育语文课标“整本书阅读”任务群建议阅读图书（3—4年级），及统编小学语文教材六年级上册“快乐读书吧”栏目建议推荐图书。除收入脍炙人口、讲述晋察冀抗日根据地抗战小英雄雨来故事的《小英雄雨来》外，另收入作者产生较大影响、适合青少年朋友阅读的《上学》《暴风雨之夜》《葛梅》等小说5篇，供少年朋友拓展阅读。所选作品以可靠版本为底本，并参照多种版本进行了全新校订。另查询词典和相关资料，为部分不太好懂的字词（尤其是方言字词）加了注释，争取为少年朋友的课内外阅读提供值得信赖的、优质的版本。  本书特为小学生课内外阅读制作，书前配有“写在前面的话”，书中章节配有“导读”和“阅读探究”，书后附有“阅读交流”。“导读”深入浅出，“阅读探究”和“阅读交流”活泼实用，可为少年朋友的阅读提供必要辅助。    管桦（1922—2002），原名鲍化普，河北丰润人。1941年毕业于华北联合大学文学系。曾任冀东区党委机关报《救国报》随军记者，东北鲁迅艺术学院研究员，中央音乐学院创作员，北京市作协主席、文联主席等职。著有《小英雄雨来》《将军河》《生命的呐喊与爱》等，有《管桦文集》行世。,99948字,18.0元
人间（中卷）,https://pic.arkread.com/cover/ebook/f/914102.1653680874.jpg!cover_default.jpg,https://read.douban.com/ebook/914102/,蔡骏,发现我不是我，我质问谁才是我？我历尽艰辛终于找到自我，我却痛苦逃避真实的我。兰陵王面具神秘依旧，又是谁躲在蓝衣社的背后？  我携带密令，远赴美国，却遭致命阴谋，被判终身监禁。  肖申克州立监狱，我已死为幽灵，又复活为英雄。  人间的传奇正在继续……  蔡骏，中国作家协会会员。中国最具畅销号召力的作家之一。    至今已出版14部长篇小说，总销量突破550万册，连续六年保持中国悬疑小说畅销纪录。其中《天机》系列总销量高达180万册。多部作品被改编为影视剧，并被翻译成多国文字出版发行。2008年，中国作家协会召开“蔡骏作品研讨会”。    蔡骏官方博客：blog.sina.com.cn/caijun    蔡骏官方网站：www.skytianma.com/caijun,234989字,4.99元
暗黑者外传：惩罚,https://pic.arkread.com/cover/ebook/f/18063333.1653700375.jpg!cover_default.jpg,https://read.douban.com/ebook/18063333/,周浩晖,Eumenides已深陷重狱，谁又送来神秘字条：  一切有罪之人都要受到惩罚！  离职的肾脏科医生被绑架杀害，只剩下一颗头颅被遗弃在闹市之中。随着头颅一起出现的字条是预告还是威胁，是自诩正义还是意图恐吓？  警方承受巨大压力，进行紧密的排查，投入大量人力物力，一条条的线索依次出现但又依次被排除。当案件背后的隐情慢慢浮现，那些貌似无关的人和事彼此编织，竟形成了一张紧密的大网。如果网中人全都是需要遭受惩罚的猎物，谁才是网中心那操控全局的蜘蛛呢？跳出迷网的棋子又能否成为最后的黄雀逆转全局……  无论用什么方式都别想逃脱惩罚，哪怕是死亡也不可以。    周浩晖，扬州人，清华工科硕士，著名悬疑推理小说作家，以原创小说人物“刑警罗飞”最深得人心。他的小说悬念迭起，完全颠覆读者想象，一旦拿起便无法放下。除了无法抗拒的阅读体验，周浩晖在故事之余，对人性的探讨、对刑侦破案的解读、对犯罪动机的思考，都入木三分。  已出版长篇小说10余部，200多万字，另有多部作品被改编成影视作品，并翻译成法语、英语、韩语、越南语等。代表作有《死亡通知单》《邪恶催眠师》《凶画》《鬼望坡》《摄魂谷》等。,0字,16.0元
作家榜名著：约翰·克里斯朵夫1,https://pic.arkread.com/cover/ebook/f/114979959.1653692925.jpg!cover_default.jpg,https://read.douban.com/ebook/114979959/,"[法 ] 罗曼·罗兰, 译者: 傅雷",出身贫寒的约翰·克利斯朵夫，自幼拥有惊人的音乐天赋，但随着祖父去世，父亲酗酒无度，家庭的全部重负，落在了他弱小的肩上。成年后，克利斯朵夫只身前往巴黎，渴望凭借自己的才华和努力，战胜命运，结果命运的拳头，一次次将他击倒在地。三次失恋，屡遭羞辱；挚友离去，痛失知音；被孤立，被诽谤；受尽嘲讽，受尽冷遇……世道有无公平？人生有何意义？约翰·克利斯朵夫，一路跌跌撞撞，遍体鳞伤，他终于认清了命运的残酷，对生活的热爱，却愈加汹涌澎湃。    罗曼·罗兰（Romain Rolland，1866-1944）法国殿堂级作家，传记文学一代宗师，音乐评论家，诺贝尔文学奖、法兰西学术院文学大奖得主。一生坚持自由、真理、正义，被誉为“欧洲的良心”，作品涵盖小说、剧本、传记、论文、散文、日记、书信等多种体裁。经典代表作《约翰·克利斯朵夫》风靡全世界，被公认为“精神成长之书”，激励了一代又一代读者。  傅雷（1908-1966）著名文学翻译家、文艺评论家，公认的法语翻译泰斗。一生译著宏富，译文忠于原著，传神流畅，带着火一样的热情，被誉为中文翻译典范。主要翻译巴尔扎克、罗曼·罗兰、丹纳、梅里美等法国名家名作。,387565字,19.99元
躺下去会舒服点,https://pic.arkread.com/cover/ebook/f/1408834.1653713325.jpg!cover_default.jpg,https://read.douban.com/ebook/1408834/,曹寇,《躺下去会舒服点》收录了曹寇的二十一个短篇小说，其中部分在网络刚刚流行的年代就已在文学BBS发表。这些以单纯的文学热情和严谨如工匠的态度琢磨出来的作品，一出手便即成熟，冷静狠雄，风格独具。相较于后来的作品，它们“更加曹寇”。  曹寇的小说正是一种“无聊现实主义”的书写。他笔下的世界，是一个庸常世界，因为生活本身就是庸常。他所做的，就是最大限度地用诚实的笔，写出这庸常世界里的我们，卑微狂躁的欲望和动荡不安的心。  曹寇，1977年生，已出版小说集《越来越》和《屋顶长的一棵树》，长篇《十七年表》，随笔集《生活片》。现居南京。,148493字,6.99元
007谍海系列：第七情报员,https://pic.arkread.com/cover/ebook/f/8362698.1653698729.jpg!cover_default.jpg,https://read.douban.com/ebook/8362698/,"[英] 伊恩·弗莱明, 译者: 王剑",传奇特工007－詹姆斯·邦德驰骋荧屏40年，经典电影原著小说中国大陆首次引进出版、震撼登陆。  詹姆斯·邦德横空出世——他是《第七情报员》，“全世界最有魅力的男演员”、国际著名影星肖恩·康纳利倾情主演并因此而一举成名。出演该片女主角的著名影星乌苏拉·安德丝被誉为最性感的邦德女郎。  “当今国际影坛只有七位天才型演员，肖恩·康纳利就是其中之一。”——好莱坞著名导演 史蒂芬·斯皮尔伯格。  “你是对的，邦德先生。这恰恰就是我，一个疯子。所有伟大的人都是疯子。他们被驱使，他们向狂热的目标俯首称臣。伟大的科学家、哲学家……这些人统统都是疯子。”  诺博士，一个有着机械钳子手的险恶的、残酷成性的迷恋痛苦的隐遁者，将詹姆斯·邦德牢牢抓在他那钢铁制成的手里。  邦德和他美丽而迷人的女助手，秘密进入诺博士隐藏在加勒比海岛的基地时被捕获。诺博士发现了一个机会，既可以处置他的敌人又可以进一步进行他的恶魔研究计划。而邦德则为了自己的生命而战……  伊恩·弗莱明(IanFleming)，英国小说家，记者，皇家海军军官，007的缔造者。  弗莱明出生在伦敦，先后就读于伊顿公学和皇家军事学院，并在慕尼黑和目内瓦学习语言，之后任路透社驻莫斯科记者。二战时期，弗莱明加入英国海军，供职于海军情报部门。其间参与策划了数次重要的情报行动，并组建了情报局的附属机构30AU。  弗莱明笔下的英国军情六处007号特工詹姆斯·邦德温文尔雅、机智果敢的形象深入人心，根据小说改编的电影至今已拍摄了21部，吸引了全球数以亿计的观众。,110349字,9.9元
村上陪你度过的难忘时光（套装3册）,https://pic.arkread.com/cover/ebook/f/415088914.1671076467.jpg!cover_default.jpg,https://read.douban.com/bundle/415088914/,村上春树,《村上T：我喜爱的T恤们》：村上春树2022全新随笔集！他是作家，更是生活家，和村上一起撸猫喝酒放松心情，过向往的生活  《第一人称单数》：暌违六年村上春树全新小说集，八个题材视角各异的精彩短篇，可以说是迈入从心所欲不逾矩之年的村上春树，回望人生爱与死主题的珠玉之作连发。结合了短歌、散文、音乐与小说，展开村上风格的全新复眼小说。  《弃猫：当我谈起父亲时》：“某个夏日的午后，父亲和我一同去海边遗弃一只猫。”故事始于猫，也止于猫。一件件生活中的小事，串起村上家族的往事，与他个人的成长经历。“正是这一件件小事无穷地累积，才让我这个人长成如今的模样。”,123267字,86.0元
丝路古船,https://pic.arkread.com/cover/ebook/f/449210300.1701327586.jpg!cover_default.jpg,https://read.douban.com/ebook/449210300/,李师江,少年船仔与父亲老欧出海，遇到海难，为海盗池木乡所救，却意外地卷入一场与海上丝绸之路有关的盗捞行动中……  文物贩子练丹青，阴差阳错得到几块元代青花瓷的碎片，而后顺藤摸瓜，经友人李云淡钩沉史籍，获知碗礁一带有一艘满载金银与元代青花瓷的沉船，遂召唤“狱友”池木乡组成团伙密谋盗捞……  元末明初之际，闽人陈秋生赴安南经商。在得知故乡饥荒时，陈秋生冒着巨大的风险，嘱其子将红薯藤带回故乡，拯救乡民。明宣德三年，陈氏携家眷、金银、元青花瓷返乡，不料遭遇海盗，陈氏毅然决定沉船……  历史与现实中，每个人都有每个人的欲望、执念、迷思，而在本书的描绘与刻画中，海上丝路的历史，同宏阔、自由的海洋，都带给人们别样的寄托与抚慰，蕴含着给当下社会心理痼疾的解救力量。海上丝路的传奇，以及这份厚重的历史沉淀能带给今人的福泽，都得到了呈现……  本书入选中国作家协会“新时代文学攀登计划”。    李师江，生于1974年5月，汉族。籍贯福建宁德，1997年毕业于北京师范大学中文系，现为职业作家、编剧。著有长篇小说《逍遥游》《中文系》《非比寻常》《福寿春》《哥仨》《神妈》《福州传奇》《黄金海岸》等。编剧电影《沃土》（王小帅导演）及《六个凶手》（赵非导演）等。  早期小说专注于挖掘时代中个人的内心成长，后专注于“东魂西技”的写法，将类型小说技术与纯文学融合，注重故事性，写出极端矛盾中的人性考验。被誉为“中国最隐秘的小说天才”。,130309字,36.0元
蓝色夏威夷,https://pic.arkread.com/cover/ebook/f/454515828.1706688059.jpg!cover_default.jpg,https://read.douban.com/ebook/454515828/,"[日] 青山七惠, 译者: 宋刚",★芥川奖作家青山七惠关于内向者的短篇集，直击人际关系的微妙距离感  ★六个短篇，六位女性，六段非典型的人生片段，写给所有不需要闪闪发光，只希望生活在自己的小小世界的人  ★我们的个性正是体现在与他人保持距离、建立关系的方式上  本书是日本新锐女作家青山七惠的短篇小说集。讲述了《蓝色夏威夷》《龙年》《圣尼古拉斯日》等六篇以女性为主人公的故事。  从大城市回到家乡小镇的优子非常失意，曾经当过老师的她目前在当地的一家玩偶制作公司打零工，日子沉闷平淡。一次偶然的机会，优子中了夏威夷旅行的大奖，这让她重新对生活有了希望。可是公司里面热爱管闲事的大婶们却误以为优子会和公司的一个男同事一起去旅行。这种气氛宛若泥淖困住了不善言辞的优子，更让优子不知所措的是，一名自己曾经教过的学生出现在眼前……    青山七惠（1983- ）日本新锐小说家。2005年凭借小说处女作《窗灯》获第42届日本文艺奖，在文学界崭露头角。2007年以《一个人的好天气》获得第136届芥川龙之介奖。2009年以《碎片》获得第35届川端康成文学奖。2012年任群像文学新人奖评委。近作有长篇小说《快乐》《命运的长线》，短篇集《风》《跳舞的星座》《蓝色夏威夷》等。,87890字,48.99元
嗜血的皇冠：光武皇帝之刘秀的秀（大结局）,https://pic.arkread.com/cover/ebook/f/111920145.1653700146.jpg!cover_default.jpg,https://read.douban.com/ebook/111920145/,曹昇,在《流血的仕途：李斯与秦帝国》中，曹昇复活了千古一相李斯的风采，对这位传奇人物的刻画及其精神世界的重建，更是入骨三分，力透纸背。而这一次，这个史界第一才子，将他睥睨的目光转向了“允冠百王”的东汉王朝开创者——汉光武帝刘秀。  新作《嗜血的皇冠：光武皇帝之刘秀的秀》，在曹昇天马行空的文笔下，重现新朝末年至东汉初年历史的风云际会，历史的血色风流，将刘秀、刘縯、王莽这一个个人物，隔着绵长的时间带到读者面前，向我们展现出了另一种理解历史的境界。    曹昇：新派历史小说名家，出版有《流血的仕途》《嗜血的皇冠》等历史畅销佳作。《流血的仕途》首版推出仅四个月后，即达四十万册的惊人销量，被中国书业评选为“2007年人文社科类图书年度最受欢迎历史小说”。三十而立的曹昇，一举成为历史写作新一代大师级领军人物。读者称其为“曹三公子”。曹昇挟令人惊叹的写作才华，一反以往历史小说的平铺刻板，以诙趣的笔法还原历史，用鲜活的文字复原历史，将当时多变的历史格局与李斯运筹帷幄的政治智慧写得妙趣横生、自成一派，被读者誉为近年来“极具智慧的历史小说家”。,189188字,18.75元
大瑟尔,https://pic.arkread.com/cover/ebook/f/25804805.1653707389.jpg!cover_default.jpg,https://read.douban.com/ebook/25804805/,"[美] 杰克·凯鲁亚克, 译者: 刘春芳",本书是凯鲁亚克后期的半自传体小说，主人公杜洛兹是一位作家，是“垮掉的一代”所崇拜的偶像。他受邀去加利福利亚的海滨胜地大瑟尔度假，希望能亲近大自然并远离那些狂热的崇拜者。可事与愿违，他看到的大自然让他有压迫感，他甚至幻想海浪拍击堤岸的声音是对他种种罪恶的抨击。酗酒过度的杜洛兹在经历一番疯狂的风流韵事之后，精神几近崩溃，这也使他对垮掉派的理想落败进行痛苦的反思。    杰克·凯鲁亚克（1922-1969），1922年3月12日出生于马萨诸塞州洛厄尔，父母为法裔美国人，他是家中幼子。他曾在当地天主教和公立学校就读，以橄榄球奖学金入纽约哥伦比亚大学，结识艾伦·金斯堡、威廉·巴勒斯和尼尔·卡萨迪等“垮掉的一代”。                                                                                               凯鲁亚克大学二年级退学从事文学创作，并辗转于美国海军和商用航运公司等处。1950年，第一部小说《乡镇和城市》出版。1957年的《在路上》问世后，他成为“垮掉的一代”的代言人，跻身二十世纪最有争议的著名作家行列。  他还著有《达摩流浪者》、《地下人》、《孤独的旅人》和《孤独天使》等作品。1969年10月21日，凯鲁亚克在佛罗里达圣彼得堡去世，享年47岁。,126497字,31.28元
鲁迅文学全集（全7册）,https://pic.arkread.com/cover/ebook/f/124608990.1653699247.jpg!cover_default.jpg,https://read.douban.com/ebook/124608990/,鲁迅,鲁迅是中国现代伟大的文学家、思想家。他是一位高产作家，涉足的领域也很广泛。全套《鲁迅全集》总计有600多万字，共20卷。作品类型包括文学创作、古籍校辑、文艺理论、翻译作品等。  诚如蔡元培所说：“鲁迅著作方面较多，蹊径独辟，为后学开示无数法门。”但是对于一般的读者而言，一部《鲁迅全集》实在是太过繁多。鲁迅的所有作品中，以文学作品最为一般读者所了解和喜爱。本套书收全了鲁迅所写的小说、杂文、散文，以及部分诗歌。编校的底本采用的是1938年鲁迅先生纪念委员会主持编订的《鲁迅全集》。在编辑过程中，尽可能保留了原版的样貌。  全书内容和编排体例均与原版相同，只调整了个别篇章的内容。全书文字校订方面，除了将繁体竖排转为简体横排外，仅改正了原版中个别错字和标点。其中通假字和鲁迅习惯用字，完全按照原版保留。另有外国人名、地名等，均保留原版的译法。    鲁迅（1881－1936），原名周树人，字豫才，小名樟寿，至三十八岁，始用鲁迅为笔名。浙江省绍兴人。中国现代伟大的文学家、思想家。  幼时就读于绍兴府城内私塾三味书屋，1898年考入江南水师学堂，1899年改入江南陆师学堂附设矿路学堂，1902年被选派赴日本留学，入读东京弘文学院，1904年转入仙台医专学医。1906年终止学医，在东京研究文艺。  1909年回国，在浙江两级师范学堂和绍兴中学堂任教。1912年民国政府成立后，先后在教育部及北京师范大学、北京大学、厦门大学、中山大学等校任职。  1918年第1次以“鲁迅”为笔名，在《新青年》发表了第1篇小说《狂人日记》。此后陆续出版小说集《呐喊》《彷徨》，论文集《坟》，散文诗集《野草》，散文集《朝花夕拾》，杂文集《热风》《华盖集》《华盖集续编》等专集。1926年间编著《汉文学史纲要》《而已集》及《故事新编》的部分作品。1927年到上海，专事著作。陆续写作了《南腔北调集》《三闲集》《二心集》《伪自由书》《准风月谈》《花边文学》及三本《且介亭杂文》等大量杂文，抨击时弊、揭露黑暗，成为中国现代文化界的精神领袖。,1414343字,29.99元
再嫁,https://pic.arkread.com/cover/ebook/f/24657315.1653698470.jpg!cover_default.jpg,https://read.douban.com/ebook/24657315/,伊一,精通医术的苏年锦，在一次执行任务中，意外来到异世空间的大燕王朝。  前朝太子萧沐原在国灭时隐姓埋名沦落街头，与变成小孩子的苏年锦靠偷抢过活。  十五岁时，苏年锦在不知情的情况下，被萧沐原选作间谍，安排到怡睿王府窃取情报。  王府内，她偶然结识了同样来到燕朝的女子夏芷宜。  苏年锦心思细腻，处事谨慎，一心只想救出青梅竹马的恋人。  而夏芷宜观念前卫，思想开放，喜欢结交不同的男人。  王府内勾心斗角，朝堂上波谲云诡……  谜团逐渐解开，真相渐渐清晰，苏年锦发现一切居然都是骗局，原来自己一直都被利用着。  他惜她、爱她、护她；她却骗他、伤他、害他……  机关算尽，最终到手的究竟是两情相悦还是怨入骨髓？    伊一  女，80后，国企职员，成名于网络，在数家言情网站驻站，并小有名气。伊为女子，一为专注。生于小城，耽于写字。喜欢一切温暖的人和物，希望将百般人物诉诸笔端，描绘人世风景。本书是作者精心打造的华丽古言大作，文笔灵动讨喜，更符合古言小说的新一代年轻读者的阅读口味。,334765字,19.99元
怪谈：读客三个圈经典文库,https://pic.arkread.com/cover/ebook/f/432678475.1684913212.jpg!cover_default.jpg,https://read.douban.com/ebook/432678475/,"[日] 小泉八云, 译者: 王新禧",小泉八云生于希腊，长于爱尔兰，却痴迷日本文化，创作了大量家喻户晓的怪谈故事。无耳芳一、雪女、青柳精、食梦貘……这些妖怪原本在村野夜话中只有模糊的形象，直到遇见小泉八云，才变得有血有肉、有情有义，真正被大众熟知！  本书对小泉八云的全17卷作品进行了全面的搜检，从《怪谈》《灵之日本》《天河绮谭及其他》《骨董》等书中辑录所有怪谈故事，把《怪谈》由初版的17篇，补足至69篇！    小泉八云  日本近代怪谈文学鼻祖，民俗学家。  小泉八云原名拉夫卡迪奥·赫恩，在日本文学史上是一个特殊的存在。他生于希腊，长于爱尔兰，却痴迷日本文化。40岁时只身赴日，在日本娶妻生子，改名为小泉八云。他一生致力于搜罗整理日本古籍及民间传说中的怪谈故事，并将其改编，赋予这些故事全新的面貌，被誉为日本近代怪谈文学鼻祖。  小泉八云从小沉溺在希腊神话故事和凯尔特传说中，又深受西方人文思想和唯美主义的影响这些元素集中体现在《怪谈》中。他用特有的“希腊人的锐敏的审美力，拉丁人的强烈的感官欲与飘忽的情绪，爱尔兰人的诙诡的癖性，东方民族的迷离梦幻的直觉”，赋予妖怪美好、无私、动人的情感，并把“爱重于死”这一思想融入其中，塑造了一个个或怨或恨，或痴或执着，甚至比人更至情至性的妖怪形象。,179585字,65.0元
侠盗鲁平（全套装共20册）,https://pic.arkread.com/cover/ebook/f/157998179.1653696177.jpg!cover_default.jpg,https://read.douban.com/ebook/157998179/,孙了红,孙了红是我国反侦探小说的开创者，他模仿西方“侠盗”亚森·洛宾的形象，创造了中国的“侠盗”鲁平。鲁平行踪诡秘，擅长易容，是个令警方头痛的通缉犯。    作品的主角虽然是“侠盗”而非侦探，其结构却仍然是侦探小说，只是侦破者不是警察，不是侦探，而是“侠盗”鲁平。作者博采西方侦探小说各主要流派之长，又巧于构思，每一篇故事都注重悬念的设置，追求感官刺激，甚至会运用“意识流”等超前写法。其文字明快流畅，其情节离奇曲折，是我国侦探小说发展史上的独妙之作。,525295字,119.0元
着魔,https://pic.arkread.com/cover/ebook/f/247610337.1653694778.jpg!cover_default.jpg,https://read.douban.com/ebook/247610337/,"[波] 维托尔德·贡布罗维奇, 译者: 林洪亮",本书是贡布罗维奇创作的一部哥特式小说。故事讲述了年轻人瓦尔查克到波兰一个农庄去给奥霍沃夫斯卡小姐做网球陪练，周围人惊讶地发现，这两个阶层出身完全不同的人“极其相似”。奥霍沃夫斯卡小姐与霍拉维茨基订了婚，他是附近城堡主人的贴身秘书。只有三个人居住的老城堡并不太平，瓦尔查克听说了神秘传闻，不禁愈发好奇，他希望解开城堡隐藏的秘密，也想揭开奥霍沃夫斯卡小姐心底的秘密……    维托尔德·贡布罗维奇（Witold Gombrowicz，1904-1969），波兰著名小说家、剧作家，被米兰·昆德拉誉为“我们这个世纪最伟大的小说家之一”，与卡夫卡、穆齐尔、布鲁赫并称为“中欧四杰”。  贡布罗维奇出生于波兰，曾在华沙大学学习法学，后赴法国深造两年。1939年横渡大西洋到阿根廷后，适逢二战爆发，滞留南美达二十四年之久。1963年获得福特基金会全年奖金，在柏林逗留。1964年，他到法国南部的旺斯定居，1967年获得国际文学奖。1969年7月24日，贡布罗维奇在旺斯辞世。  贡布罗维奇用母语写作，作品被翻译成多种语言出版，由于他不接受二战后的政治体系，他的大部分作品都不得在波兰出版，直到1986年，波兰才开始出版他的组品全集。,203351字,29.0元
水车馆事件,https://pic.arkread.com/cover/ebook/f/55660734.1653702260.jpg!cover_default.jpg,https://read.douban.com/ebook/55660734/,"[日] 绫辻行人, 译者: 龚群","1970年秋 藤沼一成完成了传说中的神作《幻影群像》。  1971年 9月28日 藤沼一成逝世，其子藤沼纪一继承了家业。  1973年10月 由里绘被纪一收养，后成为了他的妻子，从未走出过“水车馆” 。  1973年12月24日 纪一发生车祸，面部和四肢受到严重创伤；同行的正木慎吾未受重伤，但未婚妻不幸离世。  1975年 纪一委托中村青司建成了“水车馆”。他和由里绘搬入此馆，并将父亲一成的几乎全部画作藏于馆内。《幻影群像》从此“不见天日”。  1985年4月 流浪了十余年的正木慎吾回到“水车馆”。  1985年9月28日至29日 一年一度的“一成作品展示聚会”如期举行。女佣根岸文江坠楼身亡；来宾之一的古川恒仁在偷窃了一成的作品后，离奇地消失在了密室里；正木慎吾在追踪古川的过程中神秘失踪，后发现其尸体被肢解后投于焚烧炉中焚毁。  1986年9月28日 “一成作品展示聚会”再次举行。除了上次的那些来宾，一位叫岛田洁的怪人不请自来，“水车馆事件”拉开序幕……    绫辻行人,1960年12月23日生，日本京都人，京都大学教育学系毕业，并取得京都大学硕士学位。他以《十角馆杀人预告》开始步入文坛，掀起一股“本格派推理”的旋风，成为众所瞩目的新锐作家。他的“馆系列”推理小说不仅深受读者喜爱，也奠定了他在文坛的地位。此外，他的恐怖小说《杀人鬼》、《眼球绮谭》等作品也引起了很大的反响，书中除了浓浓的恐怖美学外，也陷藏着悬疑推理的布局，别具特色，让人又爱又怕。 1992年，他以《钟表馆幽灵》获得第45届日本推理作家协会奖。1998年他亲自写剧本，并兼任导演，完成游戏软件“YAKATA”。1999年他又得到了第30届麻将名人赛的冠军，成为史上第一个拿到“麻将名人”的推理作家。",100580字,15.99元
宇宙龙骑士3：激斗！勇闯圣魔殿,https://pic.arkread.com/cover/ebook/f/403394191.1659342499.jpg!cover_default.jpg,https://read.douban.com/ebook/403394191/,彭绪洛,本书好不容易在韦德星球上拿到了生物能量，巫子涵、伊赛亚、白若曦和穆巴砂正准备返回地球，突然，一张神秘的沙网从天而降。一阵沙雨过后，希尔老师竟变成了一摊沙子！就在大家不知所措时，伊赛亚逮住了一只酷似癞蛤蟆的精灵狸蛤。从它口中。少年们得知原来希尔老师是被魔王耶鲁手下的沙精灵掳走了，要想救回老师，就必须前去孔雀湖中的圣魔殿寻找圣魔珠。但看守圣魔殿的四大魔将个个实力高强，少年们该如何应对，结局能否救出希尔老师呢？    彭绪洛，儿童文学作家、探险家。中国作家协会会员，中国少数民族作家学会会员，中国原创儿童探险小说领军人物。土家族，笔名洛清、清江水，1981年1月出生于湖北长阳土家山寨，15岁开始发表作品，21岁加入湖北省作家协会，27岁开始专职从事儿童文学创作，30岁加入中国作家协会。现已出版“少年冒险王”系列、“时光定位钟”系列、“兵马俑复活”系列等40余部作品。多年来致力于慈善事业和爱心事业。出版作品由《少年冒险王》《楼兰古国大冒险》《郑和西洋大冒险》《虎克大冒险》《宇宙冒险王》《我的探险笔记》等70余部。曾经徒步穿越敦煌段雅丹龙城、神农架和古蜀道，攀登过海拔5396米的哈巴雪山，成功穿越过罗布泊，到达过楼兰古城、余纯顺遇难地、塔克拉玛干沙漠、高昌故城、塔里木盆地等神秘之地。,50364字,6.99元
上京,https://pic.arkread.com/cover/ebook/f/419327867.1675660410.jpg!cover_default.jpg,https://read.douban.com/ebook/419327867/,李唐,1918年，京城。天下大乱，军阀混战，列强盘踞。供职于“燕社”的职业刺客梦生接到最新任务——上京刺杀日本贵族山内丰成。一向不涉政治的“燕社”这次替谁杀人？出于何种目的？  刺杀目标终日有专人护卫，梦生只得持续跟踪，伺机而动。数月间，一向独来独往，只做他人手中刀的梦生，遇到不少奇人奇事，情感和思想受到冲击。  梦生曾笃信：“每个人都有自己的‘命’，都得走自己的道儿。”上京以来，心中屡屡生疑，试图摆脱刺客命运，挣脱自身的隐秘与软弱。    李唐，小说家，诗人。1992年生，14岁开始写诗，18岁写小说。曾获第四届“紫金·人民文学之星”中篇小说奖、十月文学奖、“台湾X19诗奖”首奖。已出版中短篇小说集《我们终将被遗忘》《菜市场里的老虎》、中篇小说《酒馆关门之前》、长篇小说《身外之海》《月球房地产推销员》。  《月球房地产推销员》版权输出到中国台湾地区，由自由之丘出版社出版。小说《降落》已被翻译为韩文，发表在《路灯》杂志；小说《世界尽头的小镇》已被翻译为英文，发表在Spittoon杂志。,113518字,39.2元
不存在的骑士（卡尔维诺百年诞辰纪念版）,https://pic.arkread.com/cover/ebook/f/445993692.1698215863.jpg!cover_default.jpg,https://read.douban.com/ebook/445993692/,"[意] 伊塔洛·卡尔维诺, 译者: 吴正仪",🛡️存在与不存在，在每一个人的内心搏斗。  1947年，卡尔维诺出版了首部小说《通向蜘蛛巢的小径》，从此致力于开发小说叙述艺术的无限可能。接下来，从1952年至1959年期间，完成了脍炙人口的“我们的祖先”三部曲《分成两半的子爵》《树上的男爵》《不存在的骑士》和其他小说作品。  这三个故事代表通向自由的三个阶段，关于人如何实现自我的经验：在《不存在的骑士》中争取生存，在《分成两半的子爵》中追求不受社会摧残的完整人生，在《树上的男爵》中有一条通向完整的道路——这是通过对个人的自我抉择矢志不移的努力而达到的非个人主义的完整。  译林独家版权出版，全新打造卡尔维诺百年诞辰纪念版。丛书还包括《看不见的城市》《分成两半的子爵》《树上的男爵》《马可瓦尔多》《生活在树上：卡尔维诺传》。  我们，究竟如何证明自我的存在?  阿季卢尔福，一副行走的铠甲，一名不存在的骑士。他由精神力和骑士的高傲灵魂组成，凭借意志的力量效忠查理大帝，唯有他使铠甲具有意义。当他名扬天下的业绩被挑战、被质疑、将被抹杀的时候，他的存在还能成立吗？  收录卡尔维诺亲笔后记，讲述“我们的祖先”三部曲创作历程：《不存在的骑士》远非尾声，而是序曲。    关于生平，卡尔维诺写道：“我仍然属于和克罗齐一样的人，认为一个作者只有作品有价值，因此我不提供传记资料。我会告诉你你想知道的东西。但我从来不会告诉你真实。”  1923年10月15日生于古巴，1985年9月19日在滨海别墅猝然离世，而与当年的诺贝尔文学奖失之交臂。  父母都是热带植物学家，“我的家庭中只有科学研究是受尊重的。我是败类，是家里唯一从事文学的人。”  少年时光里写满书本、漫画、电影。他梦想成为戏剧家，高中毕业后却进入大学农艺系，随后从文学院毕业。  1947年出版《通向蜘蛛巢的小径》，从此致力于开发小说叙述艺术的无限可能。  曾隐居巴黎15年，与列维-施特劳斯、罗兰·巴特、格诺等人交往密切。  1985年夏天准备哈佛讲学时患病。主刀医生表示自己未曾见过任何大脑构造像卡尔维诺的那般复杂精致。,71409字,25.99元
西岸传奇三部曲,https://pic.arkread.com/cover/ebook/f/477757849.1726647287.jpg!cover_default.jpg,https://read.douban.com/ebook/477757849/,"[美] 厄休拉·勒古恩, 译者: 贺丹, 译者: 陶雪蕾",◆永远的奇幻女王厄休拉·勒古恩！  宫崎骏的灵感来源·村上春树的偶像·阿特伍德的劲敌与挚友。  荣获8次雨果奖、6次星云奖、24次轨迹奖、美国科幻奇幻作家协会大师奖。  ◆科幻奇幻史上里程碑式的巨匠厄休拉·勒古恩！  ◆迷茫时忠于自己的内心，就能做出正确的选择。  当一个孩子学会爱、阅读、自由，就是他长大的时刻。  ◆比肩《地海传奇》，勒古恩叩问“超能力”本质的心灵成长史诗！  ◆在神秘邈远的西岸世界，有孕育和禁锢天赋的贫瘠高山，有自由之魂栖息的奴隶城邦，有借优美诗篇散播信念与希望的吟游诗人。  ◆《X战警》式超能力外衣+《安德的游戏》式深刻自省！当天赋成为诅咒，当阅读成为禁忌，当“自由”不被需要……  ◆（厄休拉·勒古恩的）书一直放在枕边，没有一刻拿开过。烦恼的时候，困的时候，一遍遍反复读着。——宫崎骏（动画大师）  ◆中文版初次引进。  在神秘邈远的西岸世界，少年苦痛迷茫，命运磅礴动荡：  少年奥莱克戴上蒙眼布，封印自己的灵能，因为它消灭敌人，也伤害至亲；  少女梅默生于“无书之城”，在这里，书籍被焚毁，被斥为孕育罪恶的魔鬼；  小奴隶迦威尔亲历一场葬礼，死亡撕碎“公正与秩序”的假象，也让他质疑自己温柔驯服的前半生。    厄休拉·勒古恩（Ursula K. Le Guin，1929—2008）  世界公认的奇幻女王，与托尔金和C.S.刘易斯并称为“幻想文学三巨头”。一生获奖无数：8次雨果奖、6次星云奖、24次轨迹奖、美国科幻奇幻作家协会大师奖……  她是宫崎骏的灵感来源，是阿特伍德的“劲敌”和挚友，是村上春树尤为钟爱的女作家。  她是科幻奇幻史上里程碑式的巨匠，用“心灵征战”让青少年奇幻摆脱“魔法奇观”的窠臼（《地海传奇》）；将性别视角引入科幻叙事（《黑暗的左手》）；用东方道家思想革新西方乌托邦文学（《天钧》）。  《西岸传奇》是勒古恩继《地海传奇》之后的又一部青少年奇幻史诗。在神秘邈远的西岸世界，少年们痛苦蜕变，在失去中成长，领悟爱、阅读、自由的真谛。,444587字,194.8元
大鱼、小鱼和虾米,https://pic.arkread.com/cover/ebook/f/484035263.1730972335.jpg!cover_default.jpg,https://read.douban.com/ebook/484035263/,邱华栋,《大鱼、小鱼和虾米》是当代名家邱华栋的一部中篇小说集，收录了“鼹鼠人”、“黑暗河流上的闪光”、“相亲”、“塑料男和简单方便女”、“午夜狂欢”、“平面人”等8篇文章。这些作品时间跨度比较大，从20世纪末期到21世纪的头十年，可以看出邱华栋在写作技巧上、关注焦点上的诸多变化。既有对当下生活的痛切关注，也有对后现代的批判式迷离。    邱华栋，著名小说家、诗人、评论家。曾为《青年文学》杂志执行主编、《人民文学》杂志副主编。现为鲁迅文学院副院长。迄今发表出版共300余万字，多部作品被译成法文、德文、日文、韩文、英文、越南文等。,246519字,11.4元
愤怒的葡萄,https://pic.arkread.com/cover/ebook/f/434454443.1686108529.jpg!cover_default.jpg,https://read.douban.com/ebook/434454443/,"[美] 约翰·斯坦贝克, 译者: 胡仲持",美国经济大萧条时期，俄克拉荷马州的大片农田久旱无雨，庄稼歉收。为了生存，农民抵押了自己的土地。但最终，赖以生存的土地被银行和大公司收归所有，他们只能挥别家园，背井离乡。穷困潦倒的乔德一家，也是其中一员。乘坐变卖家产换来的破旧汽车，一家人去往加利福尼亚寻找传闻中的乐土。途中，年迈的祖父母相继去世，哥哥诺亚也悄然离去，尽管前方不断传来坏消息，但都无法打消他们继续前行的念头。  到达加州后，迎接他们的仍旧是失业、压迫和贫困。但旅途中那些令人感动的际遇和心中对美好未来的憧憬，让一家人依然心怀希望……    约翰·斯坦贝克，美国现代小说大师、诺贝尔文学奖得主，1964年被授予“总统自由奖章”。代表作有《人与鼠》《罐头厂街》《愤怒的葡萄》《月亮下去了》等，其中《愤怒的葡萄》获得了普利策文学奖和美国国家图书奖。  胡仲持，著名编辑、翻译家。曾任《解放日报》编委，《人民日报》国际资料部主任，中联部亚非研究所研究员，外文出版社图书编辑部副主任等。译作有《世界文学史话》《愤怒的葡萄》《森林里的悲喜剧》《月亮下去了》《白痴》《俄罗斯母亲》（合译）等。,347314字,9.99元
诺桑觉寺,https://pic.arkread.com/cover/ebook/f/446175074.1698397641.jpg!cover_default.jpg,https://read.douban.com/ebook/446175074/,"[英] 简·奥斯丁, 译者: 孙致礼",天真烂漫乡村牧师之女凯瑟琳，结识了虚伪的索普兄妹，并与正直英俊的富家子弟亨利一见钟情，受亨利的父亲蒂尔尼将军盛情相邀去家里做客。在诺桑觉寺这个幽深、古老的宅子里，一向痴迷哥特小说的凯瑟琳因为脑海中的种种可怖幻影，在宅子里展开了一场荒唐的“冒险”之旅。虽然势利的蒂尔尼将军听信索普的一面之词，对凯瑟琳下了逐客令，但是亨利没有退让，经过重重曲折，终于和凯瑟琳喜结良缘。    简·奥斯丁，英国女作家。生于乡村牧师家庭，创作长篇小说6部：《傲慢与偏见》《理智与情感》《曼斯菲尔德庄园》《爱玛》以及去世后发表的《诺桑觉寺》和《劝导》。奥斯丁藉女性特有的精微观察力，真实展现了她周遭世界的小天地，活色生香的对白、构思精妙的情节和玲珑鲜明的人物令她独树一帜，她对两性关系的深邃洞察，对人性世事的清醒旁观，在两百多年后的今天，依然在唤起我们跨越时代的深切共鸣。  孙致礼，著名文学翻译家、翻译理论家，以其敏锐的洞察力、深厚的中英文造诣和笔墨功力，在我国翻译界享有相当高的知名度，所译文字精确、严谨、流畅，富有异国情调，深受读者喜爱。代表译作有包括《傲慢与偏见》在内的简·奥斯丁长篇小说六部、《呼啸山庄》、《苔丝》、《老人与海》、《永别了，武器》和《瓦尔登湖》等。,136356字,41.99元
一跃而下,https://pic.arkread.com/cover/ebook/f/484019576.1730877117.jpg!cover_default.jpg,https://read.douban.com/ebook/484019576/,顾文艳,《海怪》，透明的怪鱼是灾异的预兆，或是拯救的讯号？  《仍然活着》，她看到曾经艳羡的一切在眼前破碎。  《恩托托阿巴巴》，咒语从duke口中滑落，像一朵反重力脱落的蘑菇。  《人工湖》，湖水漫溢，内部与外部的界限正在消失。  《世界已老》，早秋的淮海路上，我开始褪色。    顾文艳，新锐作家，青年学者；铁人三项赛（STC）奥运标准距离女子年龄组冠军。  1991年生于浙江湖州，曾求学美国、法国、德国、奥地利多地，现任华东师范大学中文系副教授，上海市晨光学者。出版学术专著《辩证性的文学守望：中国现当代文学在德语世界》，著有长篇小说《十人孤独礁》《偏执狂》等。  最新作品为小说集《一跃而下》。,79520字,20.99元
恋川,https://pic.arkread.com/cover/ebook/f/170047280.1653695461.jpg!cover_default.jpg,https://read.douban.com/ebook/170047280/,"[日] 渡边淳一, 译者: 时卫国",东京赤坂的“星期三的早晨”酒馆仿佛一个舞台，七个纵横交错、互相延伸的恋爱故事依次上演。有人为了恋人“捐骨”，逼得对方走上绝路；有人为了爱人“催产”，使得丈夫蜕变成熟。有人轰轰烈烈一番，彼此却终成过往，有人永别激情之后，才找回*真实的守望。五彩缤纷的恋爱世界，光怪陆离的世事人间，酸甜苦辣，味味俱全。    渡边淳一（1933—2014），日本著名文学大师、国民作家。1933年出生于北海道。毕业于札幌医科大学，一度曾任骨科医生，后弃医从文，专业从事文学创作。以小说《光与影》获直木文学奖，以《遥远的落日》获吉川英治文学奖。2003年获日本政府“紫绶褒章奖”。  2014年4月30日，渡边淳一因癌症逝世，享年80岁。一生共发表130多部作品，代表作为《失乐园》，其中描写的不伦性爱，引发巨大反响，并相继被拍成电视连续剧和电影，在日本掀起了“失乐园”热。其他代表作包括将现代情爱观融入日本古典美的《化妆》，“爱与性”的主题的《红城堡》，临终遗作、最后一部自传体小说《我永远的家》等。作为网友评选出的排名第一的日本对华友好人士，渡边淳一对日本政府不肯反省侵略战争予以严厉批判，显示了一位伟大文学家对历史应有的自觉与责任感。,82121字,19.5元
霍桑小说全集（套装全4册）,https://pic.arkread.com/cover/ebook/f/402782585.1658817610.jpg!cover_default.jpg,https://read.douban.com/bundle/402782585/,纳撒尼尔·霍桑,作为美国十九世纪浪漫主义小说家的杰出代表，霍桑和爱伦·坡共同开创了短篇小说这一体裁，是美国文学史上浪漫主义小说的创始人、心理分析小说的鼻祖、象征主义手法的奠基人和科学幻想小说的开拓者，在美国文学史乃至世界文学史上影响深远，从赫尔曼·麦尔维尔开始，亨利·詹姆斯、威廉·福克纳，直至当代的犹太作家索尔·贝娄和艾萨克·辛格、黑人女作家托妮·莫瑞森等无不继承和发挥了他的写作手法。其代表作《红字》已成为世界文学经典。  《霍桑小说全集》共四卷一百三十多万字，包括第一卷《范肖》《重述的故事》，第二卷《红字》《福谷传奇》，第三卷《七个尖角顶的宅第》《古屋青苔》，第四卷《玉石人像》《雪人及其它复述的故事》，基本上囊括了霍桑的全部长篇小说和短篇精品，体现了霍桑的整体创作成就和作品风格。这是一套外国文学爱好者和研究者必备的枕边书。,1154936字,160.0元
犹太童话与传说,https://pic.arkread.com/cover/ebook/f/7678109.1653700970.jpg!cover_default.jpg,https://read.douban.com/ebook/7678109/,"[英] 格特鲁德·兰达, 译者: 吕杭蔚",此书为《犹太童话与寓言》的续作，重述了经典的犹太儿童故事，富有想象力。  本书不仅适于孩子阅读，成人也可从中了解犹太人的文化与传说。  当儿童玩具不再与你相伴，  愿书籍可以成为你的陪伴；  也愿每本书都能给你祝福，  让你每天过得快乐幸福。  ——露丝·兰达  Gertrude Landa是记者、小说家、剧作家，用笔名Aunt Naomi写作。她嫁给了一位英国犹太作家，夫妇俩一同出版了许多小说和剧作。她的《犹太童话与寓言》以通俗易懂的语言介绍了犹太的历史文化，大受欢迎。,92245字,12.0元
新生,https://pic.arkread.com/cover/ebook/f/36562879.1653701008.jpg!cover_default.jpg,https://read.douban.com/ebook/36562879/,"[日] 岛崎藤村, 译者: 黄淑清, 译者: 林燕, 译者: 刘弘毅","本书讲述了主人公岸本捨吉为自己与侄女节子之间的恋情（史称“新生”事件）所苦恼,并试图摆脱困境和净化灵魂来获得新生的心路历程。从作者自身的情况来看，主人公即为作者自身写照。  这部作品写的是自大正元年即其虚岁四十一岁那年到大正七年这七年间所发生的事情，因而具有浓厚的自我告白特征。这是一部暴露作家亲历的乱伦事件的作品，它发表在事件还未结束的混乱时期。而小说的发表推动了事件的发展进程，并且实现了事件的最终解决。从小说对生活的全景描绘，其情节与现实的完全可逆关系而言，可以说，它将自然主义的私小说性用最彻底的形式展现给了读者。  岛崎藤村：（1872－1943）原名岛崎春树。参加了北村透谷等创办的杂志《文学界》，以第一本浪漫诗集《若菜集》，将日本近代浪漫诗发展到新的高度。之后转向小说发展，发表了《破戒》，开创了日本自然主义文学的先河。其他代表作有诗集《落梅集》，长篇小说《黎明之前》。",235898字,18.99元
钢铁是怎样炼成的,https://pic.arkread.com/cover/ebook/f/31490858.1653698659.jpg!cover_default.jpg,https://read.douban.com/ebook/31490858/,"[苏] 奥斯特洛夫斯基, 译者: 刘军",本书描写保尔·柯察金作为一个普通工人的儿子，经历第一次世界大战、十月革命、国内战争和国民经济恢复时期的严峻生活。  革命者在斗争中百炼成钢，是小说的一个重要主题。小说通过保尔·柯察金的成长道路，告诉人们，一个人只有在革命的艰难困苦中战胜敌人也战胜自己，只有在把自己的追求和祖国、人民的利益联系在一起的时候，才会创造出奇迹，因此本书的教育意义十分深刻。    尼古拉·阿列克谢耶维奇·奥斯特洛夫斯基，“保尔·柯察金”的原型，前苏联著名的无产阶级作家，被苏联政府授予列宁勋章，以表彰其在文学方面的创造性劳动和卓越贡献。代表作有《钢铁是怎样炼成的》《暴风雨所诞生的》等。,214895字,9.9元
长崎,https://pic.arkread.com/cover/ebook/f/56455285.1653702175.jpg!cover_default.jpg,https://read.douban.com/ebook/56455285/,"[法] 埃里克·法伊, 译者: 余中先",埃里克·法伊所著的《长崎》是2010年法兰西学院小说大奖作品，创作灵感来源于一则社会新闻，讲述发生在一名50多岁日本男性和一名女性闯入者之间的故事。志村先生是一个普通的男人，一个人规律地生活着。然而从某一天开始，他渐渐发现一些细小的变化：他冰箱里的食品正慢慢消失，一些物品在他不在家时被非常轻微地移动过……于是他决定在家里安装一个摄像头，以便可以从他工作的气象站监视家中的情况，而他发现一个女人居然住在他的一个大衣橱中。这个女人没有家庭，没有固定住所，在他毫不知情的情况下，已经和他共享他的屋子有好几个月了……    埃里克·法伊，1963年生于里摩日，1990年起正式发表作品，其中不少为小说，例如《孤独的将军》（1992年）、《我是守灯塔的》（1997年）、《三边境的奥秘》（短篇集，1998年）、《化石之光及其他故事》（短篇集，1999年）、《雨之海上的巡游》（1999年）等。,39449字,14.99元
上帝的指纹,https://pic.arkread.com/cover/ebook/f/4724255.1653698793.jpg!cover_default.jpg,https://read.douban.com/ebook/4724255/,"[英] 奥斯汀·费里曼, 译者: 龙婧",讲述人们称宋戴克医师是“披着狼皮的羊”，他接手了一桩非常离奇的案件：经营南非钻石的霍比公司丢失了一包价值连城的血钻，空空如也的保险箱内只留下一枚带着切口的血色指印。警方依据指纹，认定霍比先生的侄子诺柏就是作案人。然而，一枚血红的指印是否就能证明一切？明显的事实同背后的真相之间，是否有着不为人知的秘密？宋戴克以其冷静敏锐的观察，专业理性的思考力图向人们证明“指纹也会说谎”。正当他全力调查案件的真相时，一辆疾驰的马车从他身后飞奔而来，死亡也接踵而至。  他转了转显微镜的镜片，发现诺柏·霍比在失窃现场留下的指纹上有一条S型的空白。这或许只是一个巧合，但也有可能是一种暗示。于是他深入霍比家族进一步取证，却不想一个美丽女子的出现夺走了同事的心，而诺柏的辩护律师也信誓旦旦地声称诺柏有罪——难以忽略的疑虑油然而生，突然，一双手从浓雾中伸出并将他推向了疾驰而来的车辆！  午夜时分，他拖着疲惫的身子走在寂静的大街上，不安的脚步声却再次在身后响起……  奥斯汀·弗里曼，英国著名推理作家，出生于伦敦苏活区，十八岁进入米德尔塞克斯医院学习医学。毕业之后远赴非洲黄金海岸，担任外科医生。后因病回国，转而开始了文学创作。  他的第一部桑戴克长篇小说《上帝的指纹》开创了“反叙述性推理”的先河，之后陆续发表了一系列的小说，包括《歌唱的白骨》、《死神之眼》等等，在推理小泌史上占有独特的伟大地位。弗里曼笔下的桑戴克堪称侦探小说史上科学办案的典范，也是美国犯罪现场鉴征科、实验室的灵感起源，使科学断案的方法首次被应用?刑侦领域，纽约警察也因此创立了世界第一家警用化验室。,120531字,9.9元
时契者合集（套装全3册）,https://pic.arkread.com/cover/ebook/f/446186978.1698396625.jpg!cover_default.jpg,https://read.douban.com/bundle/446186978/,彭柳蓉,《时契者：少女明染》：一天黄昏，十二岁的明染和爸爸去超市购物。准备买些新鲜鱼虾时，她看到远处的巧克力货架旁站着一名白衣少年。少年打了个响指，灯光在几秒里开开关关，人群模糊成快速闪现的影子。隐隐发光的粉末飞到明染身旁，凝聚成一颗蓝色光珠，落进她的右手手心，随即消失不见了。“想联系我时，握紧右手，光珠会读取你的意识，传送给我。”明染抬起头，少年已经没有了踪影，超市恢复了正常。她举起右手，蓝色光芒若隐若现。身边的父亲没有发现任何异常，正低声询问明染喜欢什么鱼。  《时契者：大唐异人司》：“天上白玉京，十二楼五城。仙人抚我顶，结发受长生。”明染觉得，大唐诗人李白笔下的仙境只是神话。一天，她收到一件神秘传送装置，进入了由人工智能控制的白玉京。在这里，明染认识了拥有神奇能力的伙伴：能够预知未来的男孩、与鹤共舞的火焰少女、可以打开不同时空的书法家、读取人类意识的变形兽。他们都在寻找藏在白玉京里的宇宙能量。就在关键线索出现时，人工智能开启了消除外来者的攻击模式。  《时契者：永生族的秘密》：十二岁的少女明染拥有操控时间的能力，是罕有的异能人类——时契者。一天放学后，她感知到巨大的时间波动出现在她所在的城市。源源不断的河水正从施工的地基大坑中喷涌而出。一座龙神庙若隐若现，出现在河水深处。一尾金色鲤鱼从水中跃出，明染眼前出现了水波化成的信囊，竟是跨越时空，从北宋明道二年传递出的消息。与此同时，好朋友鸣幽在调查龙神庙时意外失踪，明染收到了鸣幽提前准备好的北宋户籍证明。寻着迷宫般的时间山谷，明染通过异能来到了北宋东京城。而这里也存在着时契者的对手——宇宙公敌黑暗星尘的气息。,199798字,63.0元
一九八四,https://pic.arkread.com/cover/ebook/f/19683731.1653708740.jpg!cover_default.jpg,https://read.douban.com/ebook/19683731/,"[英] 乔治·奥威尔, 译者: 苏福忠",《一九八四》（Nineteen Eighty-Four）是英国左翼作家乔治·奥威尔于1949年出版的政治小说。小说刻画了一个令人感到窒息和恐怖的，以追逐权力为最终目标的假想的极权主义社会。这部小说与英国作家赫胥黎著作的《美丽新世界》，以及俄国作家扎米亚京著作的《我们》并称反乌托邦的三部代表作。  在《一九八四》中， 世界被三个超级大国所瓜分，三个国家之间的战争不断，国家内部社会结构被彻底打破，均实行高度集权统治，以改变历史、改变语言，打破家庭等极端手段钳制人们的思想和本能。故事描述了主人公温斯顿这个大洋国“真理部”从事篡改历史工作的外围党员，在在工作中逐渐对其所处的社会和领袖“老大哥”（Big Brother）产生怀疑，并与另一位外围党员裘利亚产生感情，因而成为思想犯，在经历了专门负责内部清洗的“友爱部”的思想改造之后最终成为了“思想纯洁者”的过程。    乔治•奥威尔（George Orwell，1903-1950）：英国伟大的人道主义作家、新闻记者和社会评论家，著名的英语文体家。1903年出生于印度，1907年举家迁回英国，少年时代曾受教育于著名的伊顿公学，后因经济原因无力深造，被迫远走缅甸，参加帝国警察部队。终因厌倦殖民行径、痴迷写作而辞去公职，辗转回到欧洲，流亡伦敦、巴黎等地。1936年，西班牙内战爆发，参加左翼组织，因重伤返回英国，但最终树立社会主义信念。其代表作有《一九八四》和《动物农场》。  译者：苏福忠，著名翻译家，译作有《瓦尔登湖》《红字》《索恩医生》《文学》《莎士比亚》和厄普代克四部曲《兔子富了》等，著有《译事余墨》，另发表小说、散文、游记、评介文章和杂文等六十余万字。,184844字,4.99元
九州·斛珠夫人,https://pic.arkread.com/cover/ebook/f/412982904.1670310029.jpg!cover_default.jpg,https://read.douban.com/ebook/412982904/,萧如瑟,著名奇幻小说系列“九州系列”罕有的以女性视角切入的英雄悲歌。萧如瑟代表作，粉丝无数。  身世浮沉和江山予夺间的无望相思，誓死不渝却无法言说的深情守护，一部帝国兴衰下史诗般残酷而绮丽的爱恨传奇。那一捧晶莹圆润的鲛珠，辉映的唯有命运的讳莫如深……  采珠女海市，幼遇鲛人，那美丽而梦幻的生灵，在她掌心留下了“琅缳”二字。而这鲛人滴泪所成的明珠，让海市遇到了他——宦官方诸，曾经的年轻俊秀的六翼将、清海公世子，而今却隐于皇帝之侧，操纵着黑衣羽林军。他和帝旭之间纠葛不清的命运，渐渐消失在他唇边似是而非的笑痕中。  大徵朝，九州上又一个庞大的帝国。曾经的内乱夺去了年轻皇帝褚仲旭所有要守护的东西，所谓百姓和国家，只不过是他要求解脱的工具。遭人痛恨也好，被亲兄弟背叛也好，一切都已经不再重要。他自己创造的太平盛世，要自己毁去。  幽幽深海，重重宫墙，谁又能料到，一捧鲛人滴泪所成的明珠，竟搅动了这世间*变幻莫测的棋盘。  黑白落子间，势力消长，侵吞倾轧，永远困囿于经纬纵横之间的，是命运巨手下朝生暮死的蜉蝣。半盘残棋间，数十年人生隐约峥嵘，永远埋葬于烽火狼烟之中的，是身世浮沉间难以觅见的爱恨出路……  唯独他，愿将自己躺平成路，送她去到平安宁静的所在，哪怕让她恨他。而她，明知是局，但只要为了他，亦坚定地一步一步走了进去……  萧如瑟，作家，笔致凝丽，虐心至深，幻想天马行空，谋篇大气磅礴。  《斛珠夫人》是“九州”系列中描写鲛族的长篇力作，萧如瑟以令人惊艳的笔触写就了一部帝国兴衰与倾城红颜的绝世传奇。  代表作：《九州·斛珠夫人》《锈蚀天使》《妖言惑众》《九州·庞歌染尼》,206085字,13.99元
作家榜名著：约翰·克里斯朵夫1,https://pic.arkread.com/cover/ebook/f/114979959.1653692925.jpg!cover_default.jpg,https://read.douban.com/ebook/114979959/,"[法 ] 罗曼·罗兰, 译者: 傅雷",出身贫寒的约翰·克利斯朵夫，自幼拥有惊人的音乐天赋，但随着祖父去世，父亲酗酒无度，家庭的全部重负，落在了他弱小的肩上。成年后，克利斯朵夫只身前往巴黎，渴望凭借自己的才华和努力，战胜命运，结果命运的拳头，一次次将他击倒在地。三次失恋，屡遭羞辱；挚友离去，痛失知音；被孤立，被诽谤；受尽嘲讽，受尽冷遇……世道有无公平？人生有何意义？约翰·克利斯朵夫，一路跌跌撞撞，遍体鳞伤，他终于认清了命运的残酷，对生活的热爱，却愈加汹涌澎湃。    罗曼·罗兰（Romain Rolland，1866-1944）法国殿堂级作家，传记文学一代宗师，音乐评论家，诺贝尔文学奖、法兰西学术院文学大奖得主。一生坚持自由、真理、正义，被誉为“欧洲的良心”，作品涵盖小说、剧本、传记、论文、散文、日记、书信等多种体裁。经典代表作《约翰·克利斯朵夫》风靡全世界，被公认为“精神成长之书”，激励了一代又一代读者。  傅雷（1908-1966）著名文学翻译家、文艺评论家，公认的法语翻译泰斗。一生译著宏富，译文忠于原著，传神流畅，带着火一样的热情，被誉为中文翻译典范。主要翻译巴尔扎克、罗曼·罗兰、丹纳、梅里美等法国名家名作。,387565字,19.99元
人间（中卷）,https://pic.arkread.com/cover/ebook/f/914102.1653680874.jpg!cover_default.jpg,https://read.douban.com/ebook/914102/,蔡骏,发现我不是我，我质问谁才是我？我历尽艰辛终于找到自我，我却痛苦逃避真实的我。兰陵王面具神秘依旧，又是谁躲在蓝衣社的背后？  我携带密令，远赴美国，却遭致命阴谋，被判终身监禁。  肖申克州立监狱，我已死为幽灵，又复活为英雄。  人间的传奇正在继续……  蔡骏，中国作家协会会员。中国最具畅销号召力的作家之一。    至今已出版14部长篇小说，总销量突破550万册，连续六年保持中国悬疑小说畅销纪录。其中《天机》系列总销量高达180万册。多部作品被改编为影视剧，并被翻译成多国文字出版发行。2008年，中国作家协会召开“蔡骏作品研讨会”。    蔡骏官方博客：blog.sina.com.cn/caijun    蔡骏官方网站：www.skytianma.com/caijun,234989字,4.99元
暗黑者外传：惩罚,https://pic.arkread.com/cover/ebook/f/18063333.1653700375.jpg!cover_default.jpg,https://read.douban.com/ebook/18063333/,周浩晖,Eumenides已深陷重狱，谁又送来神秘字条：  一切有罪之人都要受到惩罚！  离职的肾脏科医生被绑架杀害，只剩下一颗头颅被遗弃在闹市之中。随着头颅一起出现的字条是预告还是威胁，是自诩正义还是意图恐吓？  警方承受巨大压力，进行紧密的排查，投入大量人力物力，一条条的线索依次出现但又依次被排除。当案件背后的隐情慢慢浮现，那些貌似无关的人和事彼此编织，竟形成了一张紧密的大网。如果网中人全都是需要遭受惩罚的猎物，谁才是网中心那操控全局的蜘蛛呢？跳出迷网的棋子又能否成为最后的黄雀逆转全局……  无论用什么方式都别想逃脱惩罚，哪怕是死亡也不可以。    周浩晖，扬州人，清华工科硕士，著名悬疑推理小说作家，以原创小说人物“刑警罗飞”最深得人心。他的小说悬念迭起，完全颠覆读者想象，一旦拿起便无法放下。除了无法抗拒的阅读体验，周浩晖在故事之余，对人性的探讨、对刑侦破案的解读、对犯罪动机的思考，都入木三分。  已出版长篇小说10余部，200多万字，另有多部作品被改编成影视作品，并翻译成法语、英语、韩语、越南语等。代表作有《死亡通知单》《邪恶催眠师》《凶画》《鬼望坡》《摄魂谷》等。,0字,16.0元
小英雄雨来,https://pic.arkread.com/cover/ebook/f/412430857.1668501454.jpg!cover_default.jpg,https://read.douban.com/ebook/412430857/,管桦,本书是2022年版义务教育语文课标“整本书阅读”任务群建议阅读图书（3—4年级），及统编小学语文教材六年级上册“快乐读书吧”栏目建议推荐图书。除收入脍炙人口、讲述晋察冀抗日根据地抗战小英雄雨来故事的《小英雄雨来》外，另收入作者产生较大影响、适合青少年朋友阅读的《上学》《暴风雨之夜》《葛梅》等小说5篇，供少年朋友拓展阅读。所选作品以可靠版本为底本，并参照多种版本进行了全新校订。另查询词典和相关资料，为部分不太好懂的字词（尤其是方言字词）加了注释，争取为少年朋友的课内外阅读提供值得信赖的、优质的版本。  本书特为小学生课内外阅读制作，书前配有“写在前面的话”，书中章节配有“导读”和“阅读探究”，书后附有“阅读交流”。“导读”深入浅出，“阅读探究”和“阅读交流”活泼实用，可为少年朋友的阅读提供必要辅助。    管桦（1922—2002），原名鲍化普，河北丰润人。1941年毕业于华北联合大学文学系。曾任冀东区党委机关报《救国报》随军记者，东北鲁迅艺术学院研究员，中央音乐学院创作员，北京市作协主席、文联主席等职。著有《小英雄雨来》《将军河》《生命的呐喊与爱》等，有《管桦文集》行世。,99948字,18.0元
坠落之前,https://pic.arkread.com/cover/ebook/f/44823627.1653693504.jpg!cover_default.jpg,https://read.douban.com/ebook/44823627/,"[美] 诺亚·霍利, 译者: 袁田",一架私人飞机坠机，11名乘客中，只有2名幸存——一位默默无名的画家斯科特和传媒大亨的四岁儿子。遇难人员包括传媒巨头贝特曼夫妇以及他们的女儿和保镖、华尔街富商吉卜林夫妇、飞行经验丰富的机长、玩世不恭的年轻副机长和刚经历失恋的女空乘。  调查随之展开，但真相似乎更加迷雾重重。媒体的炒作和新闻的发酵，让斯科特成为众矢之的。飞机失事也许是意外，但他为什么能与两大巨头共搭私人飞机？为什么在几年前，他就创作过飞机失事的画作？  一个发生在飞机上的密室谋杀案，每个人都想弄清楚在事故发生前究竟发生了什么。    诺亚·霍利，美国好莱坞著名电影编剧、制作人、畅销作家，曾屡获艾美奖、金球奖、美国笔会文学奖、皮博迪奖、北美广播影评人协会奖等。  他是美剧《冰血暴》的制作人、编剧，该片一举拿下最佳迷你剧集、最佳主角和最佳导演三项艾美奖，立即使他成为好莱坞和出版界热烈追捧的对象。  《坠落之前》的书稿在尚未完成之前，就是法兰克福书展受瞩目的重点书，以高价卖出多国版权，电影版权由索尼哥伦比亚电影公司竞标买下。该书出版后全球书评赞不绝口，夺得2017年“爱伦坡奖”最佳小说，并被《纽约时报》誉为“2016年数一数二的悬疑小说”。  袁田，青年作家、畅销书作者、译者，已出版翻译作品《一个人的朝圣2》《不存在的女孩》等。,212223字,4.36元
雪国,https://pic.arkread.com/cover/ebook/f/436751570.1688102670.jpg!cover_default.jpg,https://read.douban.com/ebook/436751570/,"[日] 川端康成, 译者: 侍桁",“所有的爱情故事，假如成其为故事，都是从第二次见面开始的。”日本文学史上绕不开的经典，1968年诺贝尔文学奖得主川端康成代表作，侍桁绝版译本，收录《雪国》《伊豆的歌女》两部小说。  列车穿过长长的隧道，开往雪国，岛村即将与驹子第二次会面，却意外看见车窗镜面上映现出叶子的美丽面容。三人的愁绪辗转牵连，纷扬的雪花落在每个人的身上，爱——真的是徒劳的吗？    川端康成（1899-1972），日本作家。1968年以“敏锐的感受，高超的叙事技巧，表现日本人的精神实质”获诺贝尔文学奖。代表作有《伊豆的舞女》《雪国》《古都》《千只鹤》《山音》《睡美人》等。  译者：侍桁（1908—1987），本名韩侍桁，我国30年代著名作家、评论家、文学翻译家。早年曾留学日本，1930年参加“左联”。30年代曾写作大量的文艺批评文章，辑有《文学评论集》《参差集》《浅见集》。重要译著有丹麦批评家勃兰兑斯的《十九世纪文学之主潮》，日本川端康成的《雪国》，俄国托尔斯泰的《家庭的幸福》（中篇小说集）等。,79003字,36.0元
鼠王,https://pic.arkread.com/cover/ebook/f/159382951.1653694289.jpg!cover_default.jpg,https://read.douban.com/ebook/159382951/,"[英] 柴纳·米耶维, 译者: 姚向辉",这是个充满音乐节奏的地下丛林；这是个幽暗、肮脏的地下伦敦；这是一个失落了主宰者的王国，而“鼠王”推开了通往这地下世界的大门……  一次忽如其来的谋杀事件，令绍尔成为了头号杀父嫌疑犯，被捕入狱。而他却意地被一位身上散发着恶臭的自称为“鼠王”的陌生人搭救。他们一起逃出牢房，却不得不为了逃离吹笛手的猎杀穿梭于黑夜中，寻求生存、复仇之道。“鼠王”交会了绍尔鼠群的生存方式，不料随着流亡的时间的推移，绍尔的身世之谜浮出水面，谋杀事件的背后阴谋将无所遁形…….  愤怒、恐惧和复仇的烈焰包裹着绍尔，驱使他前行。涣散而疲惫的生灵们，等待着新的国王！    柴纳·米耶维，1972年出生于英格兰，伦敦政经学院国际法学博士，以“新怪谭”风格奠定国际声誉，21世纪重要奇幻作家。代表作品有《鼠王》《帕迪杜街车站》《地疤》《伪伦敦》等。他的写作风格多半带有诡异幽默感，擅长借助奇境探讨真实人生和社会文化议题。,176193字,26.4元
葬礼之后,https://pic.arkread.com/cover/ebook/f/9361770.1653712240.jpg!cover_default.jpg,https://read.douban.com/ebook/9361770/,"[英] 阿加莎·克里斯蒂 , 译者: 苏国梁",理查德•阿伯内西在死前留下了一大笔财产。在他的葬礼之后，他的妹妹、行为举止总是颇为奇怪的科拉小姐竟说了这样的话——“可他是被谋杀的，不是吗？”次日，科拉在家中的床上惨遭杀害。  六个遗产受益人均有作案动机，每个人都恰巧没有不在场证明！这桩“有趣”的案件令波洛陷入窘境……他能否从和家族成员的对话中抽丝剥茧并发现蛛丝马迹？迷雾重重，真相直到故事最后才被揭开！  阿加莎·克里斯蒂官方网站Top10作品！  “让我们一直猜测，一直错误的猜测，直到最后一页。”——《利物浦邮报》  阿加莎对贪欲最精彩的刻画，面对利益，人性是如此脆弱与不堪。  阿加莎·克里斯蒂 Agatha Christie （1890—1976）  无可争议的侦探小说女王，侦探文学史上最伟大的作家之一。  阿加莎·克里斯蒂原名为阿加莎·玛丽·克拉丽莎·米勒，一八九〇年九月十五日生于英国德文郡托基的阿什菲尔德宅邸。她几乎没有接受过正规的教育，但酷爱阅读，尤其痴迷于歇洛克·福尔摩斯的故事。  第一次世界大战期间，阿加莎·克里斯蒂成了一名志愿者。战争结束后，她创作了自己的第一部侦探小说《斯泰尔斯庄园奇案》。几经周折，作品于一九二〇年正式出版，由此开启了克里斯蒂辉煌的创作生涯。一九二六年，《罗杰疑案》由哈珀柯林斯出版公司出版。这部作品一举奠定了阿加莎·克里斯蒂在侦探文学领域不可撼动的地位。之后，她又陆续出版了《东方快车谋杀案》、《ABC谋杀案》、《尼罗河上的惨案》、《无人生还》、《阳光下的罪恶》等脍炙人口的作品。时至今日，这些作品依然是世界侦探文学宝库里最宝贵的财富。根据她的小说改编而成的舞台剧《捕鼠器》，已经成为世界上公演场次最多的剧目；而在影视改编方面，《东方快车谋杀案》为英格丽·褒曼斩获奥斯卡大奖，《尼罗河上的惨案》更是成为几代人心目中的经典。  阿加莎·克里斯蒂的创作生涯持续了五十余年，总共创作了八十余部侦探小说。她的作品畅销全世界一百多个国家和地区，累计销量已经突破二十亿册。她创造的小胡子侦探波洛和老处女侦探马普尔小姐为读者津津乐道。阿加莎·克里斯蒂是柯南·道尔之后最伟大的侦探小说作家，是侦探文学黄金时代的开创者和集大成者。一九七一年，英国女王授予克里斯蒂爵士称号，以表彰其不朽的贡献。  一九七六年一月十二日，阿加莎·克里斯蒂逝世于英国牛津郡沃灵福德家中，被安葬于牛津郡的圣玛丽教堂墓园，享年八十五岁。,133529字,15.99元
刀锋,https://pic.arkread.com/cover/ebook/f/404652086.1660706952.jpg!cover_default.jpg,https://read.douban.com/ebook/404652086/,"[挪] 尤·奈斯博, 译者: 林立仁",硬汉警探哈利·霍勒再次挟带雷霆之怒回归，这次他碰上的困境更胜以往。他和一生挚爱萝凯的关系濒临破裂，虽然重返奥斯陆警局，却只能办不起眼的小案子，但他真正想调查的，是代号“未婚夫”的性侵犯斯韦恩·芬内可能涉及的案件。  哈利曾亲手将芬内逮捕并送进监狱，但芬内在服完二十年刑期后出狱了，现在正准备卷土重来。  然而更糟的还在后头，这天早上哈利醒来，发现双手沾满鲜血，记忆更因前一晚的酒醉而断片。就在那晚，发生了一桩命案，死者命丧利刃之下，现场像是被精心清理过，杀人手法却粗糙且情绪化。这是喜欢以刀威胁被害者的芬内干的，还是有人蓄意栽赃？  哈利不知道，这一切只是噩梦的开始，事情的发展将完全出乎他的意料……    尤·奈斯博，风靡世界的挪威作家，北欧犯罪小说大师，挪威图书畅销排行榜常客。屡获北欧犯罪小说大奖，包括玻璃钥匙奖、书店业者大奖等，还获得英国国际匕首奖和美国爱伦·坡奖提名，作品被翻译成50种语言，在50多个国家出版，销量突破5000万册。  奈斯博曾是挪威知名的摇滚明星，白天任职于金融业，利用晚上和周末时间演出。不久，他考得金融分析师执照，被挪威知名证券公司高薪挖走。然而工作和乐团越来越难以兼顾，濒临崩溃的奈斯博决定休半年长假。他带着笔记本电脑，跳上飞机，前往澳大利亚，在那里写下了日后让自己声名大噪的“哈利·霍勒警探”系列的部——《蝙蝠》。  奈斯博受到英美犯罪小说名家的一致拥戴，迈克尔·康奈利称赞他是“我至爱的惊悚作家”，评论家称他是“挪威犯罪书写的毕加索”。他的读者族群广泛，涵盖纯文学、冷硬推理、黑色小说，以及通俗惊悚小说爱好者。,293374字,40.99元
