电影名称,发布日期,下载链接
2024年沈腾马丽喜剧《抓娃娃》,,magnet:?xt=urn:btih:3e6644f11a404b916302e5559cb523893e15aec1&amp;dn=%e9%98%b3%e5%85%89%e7%94%b5%e5%bd%b1dygod.org.%e6%8a%93%e5%a8%83%e5%a8%83.2024.HD.1080P.%e5%9b%bd%e8%af%ad%e4%b8%ad%e5%ad%97.mkv&amp;tr=udp%3a%2f%2ftracker.opentrackr.org%3a1337%2fannounce&amp;tr=udp%3a%2f%2fexodus.desync.com%3a6969%2fannounce
2024年剧情爱情《负负得正》HD,,magnet:?xt=urn:btih:2525e8e6bd020dc033ad8ec634005ef40969bd49&amp;dn=%e9%98%b3%e5%85%89%e7%94%b5%e5%bd%b1dygod.org.%e8%b4%9f%e8%b4%9f%e5%be%97%e6%ad%a3.2024.HD.1080P.%e5%9b%bd%e8%af%ad%e4%b8%ad%e8%8b%b1%e5%8f%8c%e5%ad%97.mkv&amp;tr=udp%3a%2f%2ftracker.opentrackr.org%3a1337%2fannounce&amp;tr=udp%3a%2f%2fexodus.desync.com%3a6969%2fannounce
2023年剧情《乘船而去》BD国语,,magnet:?xt=urn:btih:02ba95c2948cc5aca231a5a141a94f000f84bee9&amp;dn=%e9%98%b3%e5%85%89%e7%94%b5%e5%bd%b1dygod.org.%e4%b9%98%e8%88%b9%e8%80%8c%e5%8e%bb.2023.BD.1080P.%e5%9b%bd%e8%af%ad%e4%b8%ad%e5%ad%97.mkv&amp;tr=udp%3a%2f%2ftracker.opentrackr.org%3a1337%2fannounce&amp;tr=udp%3a%2f%2fexodus.desync.com%3a6969%2fannounce
2023年获奖剧情《白日之下》HD,,magnet:?xt=urn:btih:2d6cc0ecf30f0e628c107f0aa787c7abce68e353&amp;dn=%e9%98%b3%e5%85%89%e7%94%b5%e5%bd%b1dygod.org.%e7%99%bd%e6%97%a5%e4%b9%8b%e4%b8%8b.2023.HD.1080P.%e5%9b%bd%e7%b2%a4%e5%8f%8c%e8%af%ad%e4%b8%ad%e5%ad%97.mkv&amp;tr=udp%3a%2f%2ftracker.opentrackr.org%3a1337%2fannounce&amp;tr=udp%3a%2f%2fexodus.desync.com%3a6969%2fannounce
2024年疑惊悚《劫机/劫机1971/,,magnet:?xt=urn:btih:45ea6e8fb735e5ad2bc0c8cd0485cc6ae0aa45a5&amp;dn=%e9%98%b3%e5%85%89%e7%94%b5%e5%bd%b1dygod.org.%e5%8a%ab%e6%9c%ba.2024.BD.1080P.%e9%9f%a9%e8%af%ad%e4%b8%ad%e5%ad%97.mkv&amp;tr=udp%3a%2f%2ftracker.opentrackr.org%3a1337%2fannounce&amp;tr=udp%3a%2f%2fexodus.desync.com%3a6969%2fannounce
2024年获奖剧情《图腾/女孩的,,magnet:?xt=urn:btih:c460d0e50d44b3b5dce740ac4a944e89988a10b4&amp;dn=%e9%98%b3%e5%85%89%e7%94%b5%e5%bd%b1dygod.org.%e5%9b%be%e8%85%be.2023.BD.1080P.%e8%a5%bf%e7%8f%ad%e7%89%99%e8%af%ad%e4%b8%ad%e5%ad%97.mkv&amp;tr=udp%3a%2f%2ftracker.opentrackr.org%3a1337%2fannounce&amp;tr=udp%3a%2f%2fexodus.desync.com%3a6969%2fannounce
2024年高分剧情《姥姥的外孙》,,magnet:?xt=urn:btih:0fa1e009c2505f49ea3d5e8bd796264e55d07e38&amp;dn=%e9%98%b3%e5%85%89%e7%94%b5%e5%bd%b1dygod.org.%e5%a7%a5%e5%a7%a5%e7%9a%84%e5%a4%96%e5%ad%99.2024.HD.1080P.%e6%b3%b0%e5%9b%bd%e5%8f%8c%e8%af%ad%e4%b8%ad%e5%ad%97.mkv&amp;tr=udp%3a%2f%2ftracker.opentrackr.org%3a1337%2fannounce&amp;tr=udp%3a%2f%2fexodus.desync.com%3a6969%2fannounce
2023年剧情《孤注一掷》HD国语,,magnet:?xt=urn:btih:0c19005ee07a5a88345520762cb80ee45a7d1791&amp;dn=%e9%98%b3%e5%85%89%e7%94%b5%e5%bd%b1dygod.org.%e5%ad%a4%e6%b3%a8%e4%b8%80%e6%8e%b7.2023.HD.1080P.%e5%9b%bd%e8%af%ad%e4%b8%ad%e8%8b%b1%e5%8f%8c%e5%ad%97.mkv&amp;tr=udp%3a%2f%2ftracker.opentrackr.org%3a1337%2fannounce&amp;tr=udp%3a%2f%2fexodus.desync.com%3a6969%2fannounce
2024年动画喜剧《头脑特工队2,,magnet:?xt=urn:btih:37ebbe4423bd0b31dff141ab3303540f499bd430&amp;dn=%e9%98%b3%e5%85%89%e7%94%b5%e5%bd%b1dygod.org.%e5%a4%b4%e8%84%91%e7%89%b9%e5%b7%a5%e9%98%9f2.2024.BD.1080P.%e5%9b%bd%e8%8b%b1%e5%8f%8c%e8%af%ad%e5%8f%8c%e5%ad%97.mkv&amp;tr=udp%3a%2f%2ftracker.opentrackr.org%3a1337%2fannounce&amp;tr=udp%3a%2f%2fexodus.desync.com%3a6969%2fannounce
2024年动作喜剧《绝地战警：生,,magnet:?xt=urn:btih:0d1470a3f77d6102326257a2aef7835d853da8f5&amp;dn=%e9%98%b3%e5%85%89%e7%94%b5%e5%bd%b1dygod.org.%e7%bb%9d%e5%9c%b0%e6%88%98%e8%ad%a6%ef%bc%9a%e7%94%9f%e6%ad%bb%e4%b8%8e%e5%85%b1.2024.BD.1080P.%e5%9b%bd%e8%8b%b1%e5%8f%8c%e8%af%ad%e5%8f%8c%e5%ad%97.mkv&amp;tr=udp%3a%2f%2ftracker.opentrackr.org%3a1337%2fannounce&amp;tr=udp%3a%2f%2fexodus.desync.com%3a6969%2fannounce
2024年喜剧奇幻《神秘友友》BD,,magnet:?xt=urn:btih:602ebaf986cfc4eaa8c97306a36f3aea56f55c63&amp;dn=%e9%98%b3%e5%85%89%e7%94%b5%e5%bd%b1dygod.org.%e7%a5%9e%e7%a7%98%e5%8f%8b%e5%8f%8b.2024.BD.1080P.%e5%9b%bd%e8%8b%b1%e5%8f%8c%e8%af%ad%e4%b8%ad%e5%ad%97.mkv&amp;tr=udp%3a%2f%2ftracker.opentrackr.org%3a1337%2fannounce&amp;tr=udp%3a%2f%2fexodus.desync.com%3a6969%2fannounce
2024年动作惊悚《逆岭/叛军岭,,magnet:?xt=urn:btih:0d027f9db35c39e20a93ff72ecc0a162a13b6e0c&amp;dn=%e9%98%b3%e5%85%89%e7%94%b5%e5%bd%b1dygod.org.%e9%80%86%e5%b2%ad.2024.BD.1080P.%e4%b8%ad%e8%8b%b1%e5%8f%8c%e5%ad%97.mkv&amp;tr=udp%3a%2f%2ftracker.opentrackr.org%3a1337%2fannounce&amp;tr=udp%3a%2f%2fexodus.desync.com%3a6969%2fannounce
2023年获奖剧情《富都青年》BD,,magnet:?xt=urn:btih:e5c8ceef0bd23304b9506ac41afd1ca17c9b9905&amp;dn=%e9%98%b3%e5%85%89%e7%94%b5%e5%bd%b1dygod.org.%e5%af%8c%e9%83%bd%e9%9d%92%e5%b9%b4.2023.BD.1080P.%e5%9b%bd%e8%af%ad%e4%b8%ad%e5%ad%97.mkv&amp;tr=udp%3a%2f%2ftracker.opentrackr.org%3a1337%2fannounce&amp;tr=udp%3a%2f%2fexodus.desync.com%3a6969%2fannounce
2024年科幻喜剧《从21世纪安全,,magnet:?xt=urn:btih:5b76f1c8462c656acc1ca6c9b6aacc822e0a36f8&amp;dn=%e9%98%b3%e5%85%89%e7%94%b5%e5%bd%b1dygod.org.%e4%bb%8e21%e4%b8%96%e7%ba%aa%e5%ae%89%e5%85%a8%e6%92%a4%e7%a6%bb.2024.HD.4K.%e5%9b%bd%e8%af%ad%e4%b8%ad%e5%ad%97.mkv&amp;tr=udp%3a%2f%2ftracker.opentrackr.org%3a1337%2fannounce&amp;tr=udp%3a%2f%2fexodus.desync.com%3a6969%2fannounce
2024年动作惊悚《因果报应/天,,magnet:?xt=urn:btih:527e52b2135c145b91e2e0effa3a88d484688332&amp;dn=%e9%98%b3%e5%85%89%e7%94%b5%e5%bd%b1dygod.org.%e5%9b%a0%e6%9e%9c%e6%8a%a5%e5%ba%94.2024.BD.1080P.%e4%b8%ad%e8%8b%b1%e5%8f%8c%e5%ad%97.mkv&amp;tr=udp%3a%2f%2ftracker.opentrackr.org%3a1337%2fannounce&amp;tr=udp%3a%2f%2fexodus.desync.com%3a6969%2fannounce
2024年剧情喜剧《飞驰人生2》H,,magnet:?xt=urn:btih:67abf19e4ba428509ae42b798de1010028250993&amp;dn=%e9%98%b3%e5%85%89%e7%94%b5%e5%bd%b1dygod.org.%e9%a3%9e%e9%a9%b0%e4%ba%ba%e7%94%9f2.2024.HD.1080P.%e5%9b%bd%e8%af%ad%e4%b8%ad%e8%8b%b1%e5%8f%8c%e5%ad%97.mkv&amp;tr=udp%3a%2f%2ftracker.opentrackr.org%3a1337%2fannounce&amp;tr=udp%3a%2f%2fexodus.desync.com%3a6969%2fannounce
2023年恐怖《魔鬼深夜秀》BD中,,magnet:?xt=urn:btih:cacc84d6b29789b36f3b07652bbedbb1cfe8cea3&amp;dn=%e9%98%b3%e5%85%89%e7%94%b5%e5%bd%b1dygod.org.%e9%ad%94%e9%ac%bc%e6%b7%b1%e5%a4%9c%e7%a7%80.2023.BD.1080P.%e4%b8%ad%e8%8b%b1%e5%8f%8c%e5%ad%97.mkv&amp;tr=udp%3a%2f%2ftracker.opentrackr.org%3a1337%2fannounce&amp;tr=udp%3a%2f%2fexodus.desync.com%3a6969%2fannounce
2023年动作科幻《饥饿游戏：鸣,,magnet:?xt=urn:btih:88289b581ad21db8534f61a8aaf170e619120cc6&amp;dn=%e9%98%b3%e5%85%89%e7%94%b5%e5%bd%b1dygod.org.%e9%a5%a5%e9%a5%bf%e6%b8%b8%e6%88%8f%ef%bc%9a%e9%b8%a3%e9%b8%9f%e4%b8%8e%e8%9b%87%e4%b9%8b%e6%ad%8c.2023.BD.1080P.%e4%b8%ad%e8%8b%b1%e5%8f%8c%e5%ad%97.mkv&amp;tr=udp%3a%2f%2ftracker.opentrackr.org%3a1337%2fannounce&amp;tr=udp%3a%2f%2fexodus.desync.com%3a6969%2fannounce
2023年剧情喜剧《偶滴神啊2》B,,magnet:?xt=urn:btih:fe6082db8163b536841605e143ef1b75131e961f&amp;dn=%e9%98%b3%e5%85%89%e7%94%b5%e5%bd%b1dygod.org.%e5%81%b6%e6%bb%b4%e7%a5%9e%e5%95%8a2.2023.BD.1080P.%e4%b8%ad%e8%8b%b1%e5%8f%8c%e5%ad%97.mkv&amp;tr=udp%3a%2f%2ftracker.opentrackr.org%3a1337%2fannounce&amp;tr=udp%3a%2f%2fexodus.desync.com%3a6969%2fannounce
2023年悬疑恐怖《电锯惊魂10》,,magnet:?xt=urn:btih:53295ec3a94f71cc9436a7bad9d9461b10dc7314&amp;dn=%e9%98%b3%e5%85%89%e7%94%b5%e5%bd%b1dygod.org.%e7%94%b5%e9%94%af%e6%83%8a%e9%ad%8210.2023.BD.1080P.%e4%b8%ad%e8%8b%b1%e5%8f%8c%e5%ad%97.mkv&amp;tr=udp%3a%2f%2ftracker.opentrackr.org%3a1337%2fannounce&amp;tr=udp%3a%2f%2fexodus.desync.com%3a6969%2fannounce
2023年动作《碟中谍7：致命清,,magnet:?xt=urn:btih:ef8bba891d5ad1e13fecb585563589ea66a72270&amp;dn=%e9%98%b3%e5%85%89%e7%94%b5%e5%bd%b1dygod.org.%e7%a2%9f%e4%b8%ad%e8%b0%8d7%ef%bc%9a%e8%87%b4%e5%91%bd%e6%b8%85%e7%ae%97%ef%bc%88%e4%b8%8a%ef%bc%89.2023.HD.1080P.%e5%9b%bd%e8%8b%b1%e5%8f%8c%e8%af%ad%e5%8f%8c%e5%ad%97.mkv&amp;tr=udp%3a%2f%2ftracker.opentrackr.org%3a1337%2fannounce&amp;tr=udp%3a%2f%2fexodus.desync.com%3a6969%2fannounce
2023年动作《GT赛车：极速狂飙,,magnet:?xt=urn:btih:c17e0f97325343ddb5dbcb31bfab0d8d036a432f&amp;dn=%e9%98%b3%e5%85%89%e7%94%b5%e5%bd%b1dygod.org.GT%e8%b5%9b%e8%bd%a6%ef%bc%9a%e6%9e%81%e9%80%9f%e7%8b%82%e9%a3%99.2023.BD.1080P.%e4%b8%ad%e8%8b%b1%e5%8f%8c%e5%ad%97.mkv&amp;tr=udp%3a%2f%2ftracker.opentrackr.org%3a1337%2fannounce&amp;tr=udp%3a%2f%2fexodus.desync.com%3a6969%2fannounce
2022年动画奇幻《铃芽之旅》BD,,magnet:?xt=urn:btih:72953ed923fd6a81e83a4d58b8b8d405c4b60947&amp;dn=%e9%98%b3%e5%85%89%e7%94%b5%e5%bd%b1dygod.org.%e9%93%83%e8%8a%bd%e4%b9%8b%e6%97%85.2022.BD.1080P.%e5%9b%bd%e6%97%a5%e5%8f%8c%e8%af%ad%e4%b8%ad%e5%ad%97.mkv&amp;tr=udp%3a%2f%2ftracker.opentrackr.org%3a1337%2fannounce&amp;tr=udp%3a%2f%2fexodus.desync.com%3a6969%2fannounce
2023年动作奇幻《封神第一部：,,magnet:?xt=urn:btih:2a5983ccef271725665edb573dd6ce480075b417&amp;dn=%e9%98%b3%e5%85%89%e7%94%b5%e5%bd%b1dygod.org.%e5%b0%81%e7%a5%9e%e7%ac%ac%e4%b8%80%e9%83%a8%ef%bc%9a%e6%9c%9d%e6%ad%8c%e9%a3%8e%e4%ba%91.2023.HD.1080P.%e5%9b%bd%e8%af%ad%e4%b8%ad%e5%ad%97.mp4&amp;tr=udp%3a%2f%2ftracker.opentrackr.org%3a1337%2fannounce&amp;tr=udp%3a%2f%2fexodus.desync.com%3a6969%2fannounce
2023年科幻动作《蓝甲虫》BD中,,magnet:?xt=urn:btih:330dc67dacf3236c411391d2e3ca22d991182c4f&amp;dn=%e9%98%b3%e5%85%89%e7%94%b5%e5%bd%b1dygod.org.%e8%93%9d%e7%94%b2%e8%99%ab.2023.BD.1080P.%e4%b8%ad%e8%8b%b1%e5%8f%8c%e5%ad%97.mkv&amp;tr=udp%3a%2f%2ftracker.opentrackr.org%3a1337%2fannounce&amp;tr=udp%3a%2f%2fexodus.desync.com%3a6969%2fannounce
2023年喜剧动画《疯狂元素城》,,magnet:?xt=urn:btih:81a8c548f30ce99f5ef7d6e6f150ea11e0ead2be&amp;dn=%e9%98%b3%e5%85%89%e7%94%b5%e5%bd%b1dygod.org.%e7%96%af%e7%8b%82%e5%85%83%e7%b4%a0%e5%9f%8e.2023.BD.1080P.%e5%9b%bd%e8%8b%b1%e5%8f%8c%e8%af%ad%e5%8f%8c%e5%ad%97.mkv&amp;tr=udp%3a%2f%2ftracker.opentrackr.org%3a1337%2fannounce&amp;tr=udp%3a%2f%2fexodus.desync.com%3a6969%2fannounce
2023年喜剧动画《茶啊二中》HD,,magnet:?xt=urn:btih:e37d2977a44cf0ceed71f7027dad78de46c89e95&amp;dn=%e9%98%b3%e5%85%89%e7%94%b5%e5%bd%b1dygod.org.%e8%8c%b6%e5%95%8a%e4%ba%8c%e4%b8%ad.2023.HD.1080P.%e5%9b%bd%e8%af%ad%e4%b8%ad%e5%ad%97.mkv&amp;tr=udp%3a%2f%2ftracker.opentrackr.org%3a1337%2fannounce&amp;tr=udp%3a%2f%2fexodus.desync.com%3a6969%2fannounce
2023年剧情爱情《初见倾心/一,,magnet:?xt=urn:btih:2193eb41c9e399f18826b23ba73eaef012ab5a2a&amp;dn=%e9%98%b3%e5%85%89%e7%94%b5%e5%bd%b1dygod.org.%e5%88%9d%e8%a7%81%e5%80%be%e5%bf%83.2023.BD.1080P.%e4%b8%ad%e8%8b%b1%e5%8f%8c%e5%ad%97.mkv&amp;tr=udp%3a%2f%2ftracker.opentrackr.org%3a1337%2fannounce&amp;tr=udp%3a%2f%2fexodus.desync.com%3a6969%2fannounce
2023年惊悚恐怖《回应我》BD中,,magnet:?xt=urn:btih:84c82599f0b951cf1f5003dfbfb8063ae2816b0b&amp;dn=%e9%98%b3%e5%85%89%e7%94%b5%e5%bd%b1dygod.org.%e5%9b%9e%e5%ba%94%e6%88%91.2023.BD.1080P.%e4%b8%ad%e8%8b%b1%e5%8f%8c%e5%ad%97.mkv&amp;tr=udp%3a%2f%2ftracker.opentrackr.org%3a1337%2fannounce&amp;tr=udp%3a%2f%2fexodus.desync.com%3a6969%2fannounce
2023年剧情动作《八角笼中》HD,,magnet:?xt=urn:btih:a78340f44fbb685c4489a59d0f1866ca898421a1&amp;dn=%e9%98%b3%e5%85%89%e7%94%b5%e5%bd%b1dygod.org.%e5%85%ab%e8%a7%92%e7%ac%bc%e4%b8%ad.2023.HD.1080P.%e5%9b%bd%e8%af%ad%e4%b8%ad%e5%ad%97.mp4&amp;tr=udp%3a%2f%2ftracker.opentrackr.org%3a1337%2fannounce&amp;tr=udp%3a%2f%2fexodus.desync.com%3a6969%2fannounce
任达华邱淑贞动作《我是一个贼,,magnet:?xt=urn:btih:f938a0f89750857df7cc689aadb797053f9b1a52&amp;dn=%e9%98%b3%e5%85%89%e7%94%b5%e5%bd%b1www.ygdy8.com.%e6%88%91%e6%98%af%e4%b8%80%e4%b8%aa%e8%b4%bc.1995.BD.1080p.%e5%9b%bd%e7%b2%a4%e5%8f%8c%e8%af%ad%e4%b8%ad%e5%ad%97.mkv&amp;tr=udp%3a%2f%2ftracker.opentrackr.org%3a1337%2fannounce&amp;tr=udp%3a%2f%2fexodus.desync.com%3a6969%2fannounce
2007年剧情惊悚《门徒》BD国粤,,magnet:?xt=urn:btih:e5839d842fa369b53c40e519441415bef1312545&amp;dn=%e9%98%b3%e5%85%89%e7%94%b5%e5%bd%b1www.ygdy8.com.%e9%97%a8%e5%be%92.2007.1080p.%e5%9b%bd%e7%b2%a4%e5%8f%8c%e8%af%ad%e4%b8%ad%e5%ad%97.mkv&amp;tr=udp%3a%2f%2ftracker.opentrackr.org%3a1337%2fannounce&amp;tr=udp%3a%2f%2fexodus.desync.com%3a6969%2fannounce
2023年剧情惊悚《瞒天劫》BD中,,magnet:?xt=urn:btih:67a0a2698bcf9c6f0292f61a603343fec733468a&amp;dn=%e9%98%b3%e5%85%89%e7%94%b5%e5%bd%b1dy.ygdy8.com.%e7%9e%92%e5%a4%a9%e5%8a%ab.2022.BD.1080P.%e4%b8%ad%e5%ad%97.mkv&amp;tr=udp%3a%2f%2ftracker.opentrackr.org%3a1337%2fannounce&amp;tr=udp%3a%2f%2fexodus.desync.com%3a6969%2fannounce
2021年动画《丛林精神/森林守,,magnet:?xt=urn:btih:a199f7ad30e11e61470ae90f6f73b9e234ce1e31&amp;dn=%e9%98%b3%e5%85%89%e7%94%b5%e5%bd%b1dy.ygdy8.com.%e4%b8%9b%e6%9e%97%e7%b2%be%e7%a5%9e.2021.BD.1080P.%e5%9b%bd%e8%8b%b1%e5%8f%8c%e8%af%ad%e4%b8%ad%e5%ad%97.mkv&amp;tr=udp%3a%2f%2ftracker.opentrackr.org%3a1337%2fannounce&amp;tr=udp%3a%2f%2fexodus.desync.com%3a6969%2fannounce
2017年动作《不汗党：地下秩序,,magnet:?xt=urn:btih:3a48ff506f69588223300a522f3d463d8d911de1&amp;dn=%e9%98%b3%e5%85%89%e7%94%b5%e5%bd%b1www.ygdy8.com.%e4%b8%8d%e6%b1%97%e5%85%9a.2017.BD.1080P.%e9%9f%a9%e8%af%ad%e4%b8%ad%e5%ad%97.mkv&amp;tr=udp%3a%2f%2ftracker.opentrackr.org%3a1337%2fannounce&amp;tr=udp%3a%2f%2fexodus.desync.com%3a6969%2fannounce
2022年科幻《新・奥特曼》HD日,,magnet:?xt=urn:btih:806b81a624ef35737230391b1554cd5591d2b155&amp;dn=%e9%98%b3%e5%85%89%e7%94%b5%e5%bd%b1www.ygdy8.com.%e6%96%b0%c2%b7%e5%a5%a5%e7%89%b9%e6%9b%bc.2022.HD.4K.%e6%97%a5%e8%af%ad%e4%b8%ad%e5%ad%97.mp4&amp;tr=udp%3a%2f%2ftracker.opentrackr.org%3a1337%2fannounce&amp;tr=udp%3a%2f%2fexodus.desync.com%3a6969%2fannounce
2022年剧情喜剧《刹那的光辉》,,magnet:?xt=urn:btih:a8a9489f8cb5070154e54a7a12c7a41110a0bc8c&amp;dn=%e9%98%b3%e5%85%89%e7%94%b5%e5%bd%b1www.ygdy8.com.%e5%88%b9%e9%82%a3%e7%9a%84%e5%85%89%e8%be%89.2022.BD.1080P.%e4%b8%ad%e8%8b%b1%e5%8f%8c%e5%ad%97.mkv&amp;tr=udp%3a%2f%2ftracker.opentrackr.org%3a1337%2fannounce&amp;tr=udp%3a%2f%2fexodus.desync.com%3a6969%2fannounce
2022年奇幻悬疑动作《暗夜狼人,,magnet:?xt=urn:btih:dd621d36185574bdc3cd501031c8760b83f1f2a3&amp;dn=%e9%98%b3%e5%85%89%e7%94%b5%e5%bd%b1www.ygdy8.com.%e6%9a%97%e5%a4%9c%e7%8b%bc%e4%ba%ba.2022.BD.1080P.%e5%9b%bd%e8%8b%b1%e5%8f%8c%e8%af%ad%e5%8f%8c%e5%ad%97.mkv&amp;tr=udp%3a%2f%2ftracker.opentrackr.org%3a1337%2fannounce&amp;tr=udp%3a%2f%2fexodus.desync.com%3a6969%2fannounce
高分获奖《细细的红线/红色警,,magnet:?xt=urn:btih:c1e2afa46c6dbadb01558d9869e8066dc5c96abe&amp;dn=%e9%98%b3%e5%85%89%e7%94%b5%e5%bd%b1www.ygdy8.com.%e7%bb%86%e7%bb%86%e7%9a%84%e7%ba%a2%e7%ba%bf.1998.1080P.%e5%9b%bd%e8%8b%b1%e5%8f%8c%e8%af%ad%e5%8f%8c%e5%ad%97.mkv&amp;tr=udp%3a%2f%2ftracker.opentrackr.org%3a1337%2fannounce&amp;tr=udp%3a%2f%2fexodus.desync.com%3a6969%2fannounce
2022年悬疑剧情动画《房子》BD,,magnet:?xt=urn:btih:f913d330bc9c2449a2b5dc78759d756dd289ac72&amp;dn=%e9%98%b3%e5%85%89%e7%94%b5%e5%bd%b1www.ygdy8.com.%e6%88%bf%e5%ad%90.2022.BD.1080P.%e4%b8%ad%e8%8b%b1%e5%8f%8c%e5%ad%97.mkv&amp;tr=udp%3a%2f%2ftracker.opentrackr.org%3a1337%2fannounce&amp;tr=udp%3a%2f%2fexodus.desync.com%3a6969%2fannounce
2021年剧情《浊水漂流》BD粤语,,magnet:?xt=urn:btih:b06266c8009576d5f446f78d94915151d215dc0e&amp;dn=%e9%98%b3%e5%85%89%e7%94%b5%e5%bd%b1www.ygdy8.com.%e6%b5%8a%e6%b0%b4%e6%bc%82%e6%b5%81.2021.BD.1080P.%e7%b2%a4%e8%af%ad%e4%b8%ad%e5%ad%97.mkv&amp;tr=udp%3a%2f%2ftracker.opentrackr.org%3a1337%2fannounce&amp;tr=udp%3a%2f%2fexodus.desync.com%3a6969%2fannounce
2018年悬疑动作《无双》BD国粤,,magnet:?xt=urn:btih:9d5b515a3b8cd104b0a86f9ca5c32b13a0ec9353&amp;dn=%e9%98%b3%e5%85%89%e7%94%b5%e5%bd%b1www.ygdy8.com.%e6%97%a0%e5%8f%8c.BD.1080P.%e5%9b%bd%e7%b2%a4%e5%8f%8c%e8%af%ad%e4%b8%ad%e5%ad%97.mkv&amp;tr=udp%3a%2f%2ftracker.opentrackr.org%3a1337%2fannounce&amp;tr=udp%3a%2f%2fexodus.desync.com%3a6969%2fannounce
2015年高分获奖争《无境之兽》,,magnet:?xt=urn:btih:3345e81cccdfb5146a5a24f749e9c671d95be83e&amp;dn=%e9%98%b3%e5%85%89%e7%94%b5%e5%bd%b1www.ygdy8.com.%e6%97%a0%e5%a2%83%e4%b9%8b%e5%85%bd.2015.BD.1080P.%e4%b8%ad%e8%8b%b1%e5%8f%8c%e5%ad%97.mkv&amp;tr=udp%3a%2f%2ftracker.opentrackr.org%3a1337%2fannounce&amp;tr=udp%3a%2f%2fexodus.desync.com%3a6969%2fannounce
2007年高分悬疑《十二宫》BD国,,magnet:?xt=urn:btih:8b07dd996b9db5cba5ea36221cd706eede29d106&amp;dn=%e9%98%b3%e5%85%89%e7%94%b5%e5%bd%b1www.ygdy8.com.%e5%8d%81%e4%ba%8c%e5%ae%ab.2007.DC.1080P.%e5%9b%bd%e8%8b%b1%e5%8f%8c%e8%af%ad%e5%8f%8c%e5%ad%97.mkv&amp;tr=udp%3a%2f%2ftracker.opentrackr.org%3a1337%2fannounce&amp;tr=udp%3a%2f%2fexodus.desync.com%3a6969%2fannounce
2002年高分经典《猫鼠游戏》BD,,magnet:?xt=urn:btih:4cdfd15bf2a5dd7c43472b5db141af1213e5e4e6&amp;dn=%e9%98%b3%e5%85%89%e7%94%b5%e5%bd%b1www.ygdy8.com.%e7%8c%ab%e9%bc%a0%e6%b8%b8%e6%88%8f.BD.1080P.%e5%9b%bd%e8%8b%b1%e5%8f%8c%e8%af%ad%e5%8f%8c%e5%ad%97.mkv&amp;tr=udp%3a%2f%2ftracker.opentrackr.org%3a1337%2fannounce&amp;tr=udp%3a%2f%2fexodus.desync.com%3a6969%2fannounce
2024年内地电视剧《上甘岭》第,,
2024年内地电视剧《春花焰》第,,
2024年内地电视剧《危险的她 ,,
2024年内地电视剧《锦绣安宁》,,
2024年内地电视剧《七夜雪》第,,
2024年内地电视剧《人民警察》,,
2024年内地电视剧《明日有晴天,,
2024年内地电视剧《二十一天》,,
2024年内地电视剧《镇魂街之热,,
2024年内地电视剧《舍不得星星,,
2024年内地电视剧《大海道》第,,
2024年内地电视剧《半熟男女》,,
2024年内地电视剧《暗夜与黎明,,
2024年内地电视剧《山花烂漫时,,
2024年内地电视剧《雪迷宫》第,,
2024年内地电视剧《凡人歌》第,,
2024年内地电视剧《春风化雨》,,
2024年内地电视剧《多大点事儿,,
2024年内地电视剧《长乐曲》第,,
2024韩国ENA《酒醉罗曼史》第0,,
2024韩国GagaOOLala《解除跆拳,,
2024韩国TVN《正年》第08集[韩,,
2024韩国JTBC《贞淑的推销》第,,
2024韩国MBC《如此亲密的背叛,,
2024韩国JTBC《重组家庭》第08,,
2024韩国TVING《好或坏的东载,,
2024韩国BL《奇异的罗曼史》第,,
2024韩国TVING《老板的菜单》,,
2024韩国COUPANG PLAY《爱过之,,
2024韩国KBS《狗话》第12集[韩,,
2024韩国GENIETV《致我的解离,,
2024韩国SBS《从地狱来的法官,,
2024韩国Disney+《首尔破笑组,,
2024韩国U+mobile《脆弱》第08,,
2024韩国TVN《因为不想吃亏》,,
2024韩国TVING《于氏王后》第0,,
2024韩国AMC《雪国列车第四季,,
2024年科幻《女巫阿加莎 第一,,"magnet:?xt=urn:btih:30e509999d3a76f48356ad44095b3d7b3f372a5c&amp;dn=%e9%98%b3%e5%85%89%e7%94%b5%e5%bd%b1dygod.org.%e5%a5%b3%e5%b7%ab%e9%98%bf%e5%8a%a0%e8%8e%8e%e7%ac%ac%e4%b8%80%e5%ad%a301%e9%9b%86%e4%b8%ad%e8%8b%b1%e5%8f%8c%e5%ad%97.mkv&amp;tr=udp%3a%2f%2ftracker.opentrackr.org%3a1337%2fannounce&amp;tr=udp%3a%2f%2fexodus.desync.com%3a6969%2fannounce, magnet:?xt=urn:btih:977b3b3383d2863635f9f9deb3819f724d54f308&amp;dn=%e9%98%b3%e5%85%89%e7%94%b5%e5%bd%b1dygod.org.%e5%a5%b3%e5%b7%ab%e9%98%bf%e5%8a%a0%e8%8e%8e%e7%ac%ac%e4%b8%80%e5%ad%a302%e9%9b%86%e4%b8%ad%e8%8b%b1%e5%8f%8c%e5%ad%97.mkv&amp;tr=udp%3a%2f%2ftracker.opentrackr.org%3a1337%2fannounce&amp;tr=udp%3a%2f%2fexodus.desync.com%3a6969%2fannounce, magnet:?xt=urn:btih:eea4724483b70b579abb13458b916791edc07cf7&amp;dn=%e9%98%b3%e5%85%89%e7%94%b5%e5%bd%b1dygod.org.%e5%a5%b3%e5%b7%ab%e9%98%bf%e5%8a%a0%e8%8e%8e%e7%ac%ac%e4%b8%80%e5%ad%a304%e9%9b%86%e4%b8%ad%e8%8b%b1%e5%8f%8c%e5%ad%97.mkv&amp;tr=udp%3a%2f%2ftracker.opentrackr.org%3a1337%2fannounce&amp;tr=udp%3a%2f%2fexodus.desync.com%3a6969%2fannounce, magnet:?xt=urn:btih:91a0dce45322341f89234a7d6520b12f56369afd&amp;dn=%e9%98%b3%e5%85%89%e7%94%b5%e5%bd%b1dygod.org.%e5%a5%b3%e5%b7%ab%e9%98%bf%e5%8a%a0%e8%8e%8e%e7%ac%ac%e4%b8%80%e5%ad%a306%e9%9b%86%e4%b8%ad%e8%8b%b1%e5%8f%8c%e5%ad%97.mkv&amp;tr=udp%3a%2f%2ftracker.opentrackr.org%3a1337%2fannounce&amp;tr=udp%3a%2f%2fexodus.desync.com%3a6969%2fannounce, magnet:?xt=urn:btih:5e1eb3c37d7a74ae85a12a61d22b67cc80ba6943&amp;dn=%e9%98%b3%e5%85%89%e7%94%b5%e5%bd%b1dygod.org.%e5%a5%b3%e5%b7%ab%e9%98%bf%e5%8a%a0%e8%8e%8e%e7%ac%ac%e4%b8%80%e5%ad%a308%e9%9b%86%e4%b8%ad%e8%8b%b1%e5%8f%8c%e5%ad%97.mkv&amp;tr=udp%3a%2f%2ftracker.opentrackr.org%3a1337%2fannounce&amp;tr=udp%3a%2f%2fexodus.desync.com%3a6969%2fannounce, magnet:?xt=urn:btih:9fd7698e59ade9db3e20c94da2256792e3e58549&amp;dn=%e9%98%b3%e5%85%89%e7%94%b5%e5%bd%b1dygod.org.%e5%a5%b3%e5%b7%ab%e9%98%bf%e5%8a%a0%e8%8e%8e%e7%ac%ac%e4%b8%80%e5%ad%a309%e9%9b%86%e4%b8%ad%e8%8b%b1%e5%8f%8c%e5%ad%97.mkv&amp;tr=udp%3a%2f%2ftracker.opentrackr.org%3a1337%2fannounce&amp;tr=udp%3a%2f%2fexodus.desync.com%3a6969%2fannounce"
2024年剧情《塔尔萨之王 第二,,"magnet:?xt=urn:btih:9c18810ae2e7c16c42b8b2563012948cb468aaf2&amp;dn=%e9%98%b3%e5%85%89%e7%94%b5%e5%bd%b1dygod.org.%e5%a1%94%e5%b0%94%e8%90%a8%e4%b9%8b%e7%8e%8b%e7%ac%ac%e4%ba%8c%e5%ad%a301%e9%9b%86%e4%b8%ad%e8%8b%b1%e5%8f%8c%e5%ad%97.mkv&amp;tr=udp%3a%2f%2ftracker.opentrackr.org%3a1337%2fannounce&amp;tr=udp%3a%2f%2fexodus.desync.com%3a6969%2fannounce, magnet:?xt=urn:btih:c1ab899c6cdd41c50fe8efec85e90e4654f44f25&amp;dn=%e9%98%b3%e5%85%89%e7%94%b5%e5%bd%b1dygod.org.%e5%a1%94%e5%b0%94%e8%90%a8%e4%b9%8b%e7%8e%8b%e7%ac%ac%e4%ba%8c%e5%ad%a303%e9%9b%86%e4%b8%ad%e8%8b%b1%e5%8f%8c%e5%ad%97.mkv&amp;tr=udp%3a%2f%2ftracker.opentrackr.org%3a1337%2fannounce&amp;tr=udp%3a%2f%2fexodus.desync.com%3a6969%2fannounce, magnet:?xt=urn:btih:d550d96cc560db5f4ec16df78f2c4a0c98aaca39&amp;dn=%e9%98%b3%e5%85%89%e7%94%b5%e5%bd%b1dygod.org.%e5%a1%94%e5%b0%94%e8%90%a8%e4%b9%8b%e7%8e%8b%e7%ac%ac%e4%ba%8c%e5%ad%a306%e9%9b%86%e4%b8%ad%e8%8b%b1%e5%8f%8c%e5%ad%97.mkv&amp;tr=udp%3a%2f%2ftracker.opentrackr.org%3a1337%2fannounce&amp;tr=udp%3a%2f%2fexodus.desync.com%3a6969%2fannounce, magnet:?xt=urn:btih:049078566a3f0fcbf450068b78f0bcdddc88ef67&amp;dn=%e9%98%b3%e5%85%89%e7%94%b5%e5%bd%b1dygod.org.%e5%a1%94%e5%b0%94%e8%90%a8%e4%b9%8b%e7%8e%8b%e7%ac%ac%e4%ba%8c%e5%ad%a308%e9%9b%86%e4%b8%ad%e8%8b%b1%e5%8f%8c%e5%ad%97.mkv&amp;tr=udp%3a%2f%2ftracker.opentrackr.org%3a1337%2fannounce&amp;tr=udp%3a%2f%2fexodus.desync.com%3a6969%2fannounce"
2024年奇幻《企鹅人第一季》更,,"magnet:?xt=urn:btih:dd204f73f46bd9398d053152fc828735415a0727&amp;dn=%e9%98%b3%e5%85%89%e7%94%b5%e5%bd%b1dygod.org.%e4%bc%81%e9%b9%85%e4%ba%ba%e7%ac%ac%e4%b8%80%e5%ad%a302%e9%9b%86%e4%b8%ad%e8%8b%b1%e5%8f%8c%e5%ad%97.mkv&amp;tr=udp%3a%2f%2ftracker.opentrackr.org%3a1337%2fannounce&amp;tr=udp%3a%2f%2fexodus.desync.com%3a6969%2fannounce, magnet:?xt=urn:btih:23eec5a360aaad864a61fddabe52680ad0512f9f&amp;dn=%e9%98%b3%e5%85%89%e7%94%b5%e5%bd%b1dygod.org.%e4%bc%81%e9%b9%85%e4%ba%ba%e7%ac%ac%e4%b8%80%e5%ad%a303%e9%9b%86%e4%b8%ad%e8%8b%b1%e5%8f%8c%e5%ad%97.mkv&amp;tr=udp%3a%2f%2ftracker.opentrackr.org%3a1337%2fannounce&amp;tr=udp%3a%2f%2fexodus.desync.com%3a6969%2fannounce, magnet:?xt=urn:btih:730ca57a32b73c32d207bceb5bfee1ab4fb9e685&amp;dn=%e9%98%b3%e5%85%89%e7%94%b5%e5%bd%b1dygod.org.%e4%bc%81%e9%b9%85%e4%ba%ba%e7%ac%ac%e4%b8%80%e5%ad%a305%e9%9b%86%e4%b8%ad%e8%8b%b1%e5%8f%8c%e5%ad%97.mkv&amp;tr=udp%3a%2f%2ftracker.opentrackr.org%3a1337%2fannounce&amp;tr=udp%3a%2f%2fexodus.desync.com%3a6969%2fannounce, magnet:?xt=urn:btih:fd2af647930dd7759f886fd8bcdeb3bd6e0ea569&amp;dn=%e9%98%b3%e5%85%89%e7%94%b5%e5%bd%b1dygod.org.%e4%bc%81%e9%b9%85%e4%ba%ba%e7%ac%ac%e4%b8%80%e5%ad%a307%e9%9b%86%e4%b8%ad%e8%8b%b1%e5%8f%8c%e5%ad%97.mkv&amp;tr=udp%3a%2f%2ftracker.opentrackr.org%3a1337%2fannounce&amp;tr=udp%3a%2f%2fexodus.desync.com%3a6969%2fannounce"
2024年惊悚《流人/翻盘特工队 ,,"magnet:?xt=urn:btih:63ab099116b142d4a9f7cb49bba1b8147dac664b&amp;dn=%e9%98%b3%e5%85%89%e7%94%b5%e5%bd%b1dygod.org.%e6%b5%81%e4%ba%ba%e7%ac%ac%e5%9b%9b%e5%ad%a301%e9%9b%86%e4%b8%ad%e8%8b%b1%e5%8f%8c%e5%ad%97.mkv&amp;tr=udp%3a%2f%2ftracker.opentrackr.org%3a1337%2fannounce&amp;tr=udp%3a%2f%2fexodus.desync.com%3a6969%2fannounce, magnet:?xt=urn:btih:f91213a046df5b7771d40ae819b9b2fe15a31f1e&amp;dn=%e9%98%b3%e5%85%89%e7%94%b5%e5%bd%b1dygod.org.%e6%b5%81%e4%ba%ba%e7%ac%ac%e5%9b%9b%e5%ad%a303%e9%9b%86%e4%b8%ad%e8%8b%b1%e5%8f%8c%e5%ad%97.mkv&amp;tr=udp%3a%2f%2ftracker.opentrackr.org%3a1337%2fannounce&amp;tr=udp%3a%2f%2fexodus.desync.com%3a6969%2fannounce, magnet:?xt=urn:btih:7c01dc5636d1d7e698cf6e9e0243cd5d08739ee9&amp;dn=%e9%98%b3%e5%85%89%e7%94%b5%e5%bd%b1dygod.org.%e6%b5%81%e4%ba%ba%e7%ac%ac%e5%9b%9b%e5%ad%a304%e9%9b%86%e4%b8%ad%e8%8b%b1%e5%8f%8c%e5%ad%97.mkv&amp;tr=udp%3a%2f%2ftracker.opentrackr.org%3a1337%2fannounce&amp;tr=udp%3a%2f%2fexodus.desync.com%3a6969%2fannounce, magnet:?xt=urn:btih:01cb64cb0e994234c72726f1fbca9d3f647fff7f&amp;dn=%e9%98%b3%e5%85%89%e7%94%b5%e5%bd%b1dygod.org.%e6%b5%81%e4%ba%ba%e7%ac%ac%e5%9b%9b%e5%ad%a306%e9%9b%86%e4%b8%ad%e8%8b%b1%e5%8f%8c%e5%ad%97.mkv&amp;tr=udp%3a%2f%2ftracker.opentrackr.org%3a1337%2fannounce&amp;tr=udp%3a%2f%2fexodus.desync.com%3a6969%2fannounce"
2024年奇幻动作《指环王：力量,,"magnet:?xt=urn:btih:f64a52fa327af64ee5d6a169cdb3cbaf85491fb1&amp;dn=%e9%98%b3%e5%85%89%e7%94%b5%e5%bd%b1dygod.org.%e6%8c%87%e7%8e%af%e7%8e%8b%ef%bc%9a%e5%8a%9b%e9%87%8f%e4%b9%8b%e6%88%92%e7%ac%ac%e4%ba%8c%e5%ad%a306%e9%9b%86%e4%b8%ad%e8%8b%b1%e5%8f%8c%e5%ad%97.mkv&amp;tr=udp%3a%2f%2ftracker.opentrackr.org%3a1337%2fannounce&amp;tr=udp%3a%2f%2fexodus.desync.com%3a6969%2fannounce, magnet:?xt=urn:btih:96e0c812a0cfb12c9c9ce72a7a595280751acfa5&amp;dn=%e9%98%b3%e5%85%89%e7%94%b5%e5%bd%b1dygod.org.%e6%8c%87%e7%8e%af%e7%8e%8b%ef%bc%9a%e5%8a%9b%e9%87%8f%e4%b9%8b%e6%88%92%e7%ac%ac%e4%ba%8c%e5%ad%a308%e9%9b%86%e4%b8%ad%e8%8b%b1%e5%8f%8c%e5%ad%97.mkv&amp;tr=udp%3a%2f%2ftracker.opentrackr.org%3a1337%2fannounce&amp;tr=udp%3a%2f%2fexodus.desync.com%3a6969%2fannounce"
2024年悬疑《无罪的罪人/无罪,,"magnet:?xt=urn:btih:600d2841311212120167e44dde63b1d145f0eb61&amp;dn=%e9%98%b3%e5%85%89%e7%94%b5%e5%bd%b1dygod.org.%e6%97%a0%e7%bd%aa%e7%9a%84%e7%bd%aa%e4%ba%ba%e7%ac%ac%e4%b8%80%e5%ad%a301%e9%9b%86%e4%b8%ad%e8%8b%b1%e5%8f%8c%e5%ad%97.mkv&amp;tr=udp%3a%2f%2ftracker.opentrackr.org%3a1337%2fannounce&amp;tr=udp%3a%2f%2fexodus.desync.com%3a6969%2fannounce, magnet:?xt=urn:btih:99dcb18e921477c5cfe782be8e6a657903f8203d&amp;dn=%e9%98%b3%e5%85%89%e7%94%b5%e5%bd%b1dygod.org.%e6%97%a0%e7%bd%aa%e7%9a%84%e7%bd%aa%e4%ba%ba%e7%ac%ac%e4%b8%80%e5%ad%a302%e9%9b%86%e4%b8%ad%e8%8b%b1%e5%8f%8c%e5%ad%97.mkv&amp;tr=udp%3a%2f%2ftracker.opentrackr.org%3a1337%2fannounce&amp;tr=udp%3a%2f%2fexodus.desync.com%3a6969%2fannounce, magnet:?xt=urn:btih:cb4fb997bb430c21b1ee13e8130aaea97b2bbdac&amp;dn=%e9%98%b3%e5%85%89%e7%94%b5%e5%bd%b1dygod.org.%e6%97%a0%e7%bd%aa%e7%9a%84%e7%bd%aa%e4%ba%ba%e7%ac%ac%e4%b8%80%e5%ad%a303%e9%9b%86%e4%b8%ad%e8%8b%b1%e5%8f%8c%e5%ad%97.mkv&amp;tr=udp%3a%2f%2ftracker.opentrackr.org%3a1337%2fannounce&amp;tr=udp%3a%2f%2fexodus.desync.com%3a6969%2fannounce, magnet:?xt=urn:btih:b1afe8814edceb130964a4f7c799ede7b88b3040&amp;dn=%e9%98%b3%e5%85%89%e7%94%b5%e5%bd%b1dygod.org.%e6%97%a0%e7%bd%aa%e7%9a%84%e7%bd%aa%e4%ba%ba%e7%ac%ac%e4%b8%80%e5%ad%a304%e9%9b%86%e4%b8%ad%e8%8b%b1%e5%8f%8c%e5%ad%97.mkv&amp;tr=udp%3a%2f%2ftracker.opentrackr.org%3a1337%2fannounce&amp;tr=udp%3a%2f%2fexodus.desync.com%3a6969%2fannounce, magnet:?xt=urn:btih:6ba4a4e1ff77f0740b69fd8cb2988512864a0142&amp;dn=%e9%98%b3%e5%85%89%e7%94%b5%e5%bd%b1dygod.org.%e6%97%a0%e7%bd%aa%e7%9a%84%e7%bd%aa%e4%ba%ba%e7%ac%ac%e4%b8%80%e5%ad%a305%e9%9b%86%e4%b8%ad%e8%8b%b1%e5%8f%8c%e5%ad%97.mkv&amp;tr=udp%3a%2f%2ftracker.opentrackr.org%3a1337%2fannounce&amp;tr=udp%3a%2f%2fexodus.desync.com%3a6969%2fannounce, magnet:?xt=urn:btih:723948f9fabd45ddf0b29f8fcfe5a2aed71bd1ff&amp;dn=%e9%98%b3%e5%85%89%e7%94%b5%e5%bd%b1dygod.org.%e6%97%a0%e7%bd%aa%e7%9a%84%e7%bd%aa%e4%ba%ba%e7%ac%ac%e4%b8%80%e5%ad%a306%e9%9b%86%e4%b8%ad%e8%8b%b1%e5%8f%8c%e5%ad%97.mkv&amp;tr=udp%3a%2f%2ftracker.opentrackr.org%3a1337%2fannounce&amp;tr=udp%3a%2f%2fexodus.desync.com%3a6969%2fannounce, magnet:?xt=urn:btih:ef2f4c9dd9fd5db4b1a531f90fb48246824769e7&amp;dn=%e9%98%b3%e5%85%89%e7%94%b5%e5%bd%b1dygod.org.%e6%97%a0%e7%bd%aa%e7%9a%84%e7%bd%aa%e4%ba%ba%e7%ac%ac%e4%b8%80%e5%ad%a307%e9%9b%86%e4%b8%ad%e8%8b%b1%e5%8f%8c%e5%ad%97.mkv&amp;tr=udp%3a%2f%2ftracker.opentrackr.org%3a1337%2fannounce&amp;tr=udp%3a%2f%2fexodus.desync.com%3a6969%2fannounce"
2024年奇幻动作《龙之家族 第,,"magnet:?xt=urn:btih:f784bccfd443ab6313f0ea42d0bd44f23d941cf1&amp;dn=%e9%98%b3%e5%85%89%e7%94%b5%e5%bd%b1dygod.org.%e9%be%99%e4%b9%8b%e5%ae%b6%e6%97%8f%e7%ac%ac%e4%ba%8c%e5%ad%a301%e9%9b%86%e4%b8%ad%e8%8b%b1%e5%8f%8c%e5%ad%97.mkv&amp;tr=udp%3a%2f%2ftracker.opentrackr.org%3a1337%2fannounce&amp;tr=udp%3a%2f%2fexodus.desync.com%3a6969%2fannounce, magnet:?xt=urn:btih:3f27068cea13db52d274aaff19408e2ae8728eda&amp;dn=%e9%98%b3%e5%85%89%e7%94%b5%e5%bd%b1dygod.org.%e9%be%99%e4%b9%8b%e5%ae%b6%e6%97%8f%e7%ac%ac%e4%ba%8c%e5%ad%a302%e9%9b%86%e4%b8%ad%e8%8b%b1%e5%8f%8c%e5%ad%97.mkv&amp;tr=udp%3a%2f%2ftracker.opentrackr.org%3a1337%2fannounce&amp;tr=udp%3a%2f%2fexodus.desync.com%3a6969%2fannounce, magnet:?xt=urn:btih:b7fc92f3a397fe55b14d80b247c765abda461319&amp;dn=%e9%98%b3%e5%85%89%e7%94%b5%e5%bd%b1dygod.org.%e9%be%99%e4%b9%8b%e5%ae%b6%e6%97%8f%e7%ac%ac%e4%ba%8c%e5%ad%a304%e9%9b%86%e4%b8%ad%e8%8b%b1%e5%8f%8c%e5%ad%97.mkv&amp;tr=udp%3a%2f%2ftracker.opentrackr.org%3a1337%2fannounce&amp;tr=udp%3a%2f%2fexodus.desync.com%3a6969%2fannounce, magnet:?xt=urn:btih:8f7c7216a295ee985aefa43fab44cd3f11815247&amp;dn=%e9%98%b3%e5%85%89%e7%94%b5%e5%bd%b1dygod.org.%e9%be%99%e4%b9%8b%e5%ae%b6%e6%97%8f%e7%ac%ac%e4%ba%8c%e5%ad%a305%e9%9b%86%e4%b8%ad%e8%8b%b1%e5%8f%8c%e5%ad%97.mkv&amp;tr=udp%3a%2f%2ftracker.opentrackr.org%3a1337%2fannounce&amp;tr=udp%3a%2f%2fexodus.desync.com%3a6969%2fannounce, magnet:?xt=urn:btih:42f2817a1401014e4fd7b14968995bae887b8eda&amp;dn=%e9%98%b3%e5%85%89%e7%94%b5%e5%bd%b1dygod.org.%e9%be%99%e4%b9%8b%e5%ae%b6%e6%97%8f%e7%ac%ac%e4%ba%8c%e5%ad%a306%e9%9b%86%e4%b8%ad%e8%8b%b1%e5%8f%8c%e5%ad%97.mkv&amp;tr=udp%3a%2f%2ftracker.opentrackr.org%3a1337%2fannounce&amp;tr=udp%3a%2f%2fexodus.desync.com%3a6969%2fannounce, magnet:?xt=urn:btih:d30eefd2dd990a85d09252a0805654efc56f3863&amp;dn=%e9%98%b3%e5%85%89%e7%94%b5%e5%bd%b1dygod.org.%e9%be%99%e4%b9%8b%e5%ae%b6%e6%97%8f%e7%ac%ac%e4%ba%8c%e5%ad%a308%e9%9b%86%e4%b8%ad%e8%8b%b1%e5%8f%8c%e5%ad%97.mkv&amp;tr=udp%3a%2f%2ftracker.opentrackr.org%3a1337%2fannounce&amp;tr=udp%3a%2f%2fexodus.desync.com%3a6969%2fannounce"
2024年战争冒险《幕府将军 第,,"magnet:?xt=urn:btih:bf9082e4e12266a5d4d3f1fafd7909b67bc12c67&amp;dn=%e9%98%b3%e5%85%89%e7%94%b5%e5%bd%b1dygod.org.%e5%b9%95%e5%ba%9c%e5%b0%86%e5%86%9b%e7%ac%ac%e4%b8%80%e5%ad%a3%e7%ac%ac01%e9%9b%86%e4%b8%ad%e8%8b%b1%e5%8f%8c%e5%ad%97.mkv&amp;tr=udp%3a%2f%2ftracker.opentrackr.org%3a1337%2fannounce&amp;tr=udp%3a%2f%2fexodus.desync.com%3a6969%2fannounce, magnet:?xt=urn:btih:1d64e887d3cfd16bd5d8d605ca07afcffdfcd220&amp;dn=%e9%98%b3%e5%85%89%e7%94%b5%e5%bd%b1dygod.org.%e5%b9%95%e5%ba%9c%e5%b0%86%e5%86%9b%e7%ac%ac%e4%b8%80%e5%ad%a3%e7%ac%ac02%e9%9b%86%e4%b8%ad%e8%8b%b1%e5%8f%8c%e5%ad%97.mkv&amp;tr=udp%3a%2f%2ftracker.opentrackr.org%3a1337%2fannounce&amp;tr=udp%3a%2f%2fexodus.desync.com%3a6969%2fannounce, magnet:?xt=urn:btih:19bc6137c9a2b8ce8f5d6b4ec780666d31a49b48&amp;dn=%e9%98%b3%e5%85%89%e7%94%b5%e5%bd%b1dygod.org.%e5%b9%95%e5%ba%9c%e5%b0%86%e5%86%9b%e7%ac%ac%e4%b8%80%e5%ad%a3%e7%ac%ac03%e9%9b%86%e4%b8%ad%e8%8b%b1%e5%8f%8c%e5%ad%97.mkv&amp;tr=udp%3a%2f%2ftracker.opentrackr.org%3a1337%2fannounce&amp;tr=udp%3a%2f%2fexodus.desync.com%3a6969%2fannounce, magnet:?xt=urn:btih:80ebf49898e438dcd946e873a6fb4cdbb2fe1572&amp;dn=%e9%98%b3%e5%85%89%e7%94%b5%e5%bd%b1dygod.org.%e5%b9%95%e5%ba%9c%e5%b0%86%e5%86%9b%e7%ac%ac%e4%b8%80%e5%ad%a3%e7%ac%ac04%e9%9b%86%e4%b8%ad%e8%8b%b1%e5%8f%8c%e5%ad%97.mkv&amp;tr=udp%3a%2f%2ftracker.opentrackr.org%3a1337%2fannounce&amp;tr=udp%3a%2f%2fexodus.desync.com%3a6969%2fannounce, magnet:?xt=urn:btih:f28e01048cd78feee368bd5bafc756bcc163bf9e&amp;dn=%e9%98%b3%e5%85%89%e7%94%b5%e5%bd%b1dygod.org.%e5%b9%95%e5%ba%9c%e5%b0%86%e5%86%9b%e7%ac%ac%e4%b8%80%e5%ad%a3%e7%ac%ac05%e9%9b%86%e4%b8%ad%e8%8b%b1%e5%8f%8c%e5%ad%97.mkv&amp;tr=udp%3a%2f%2ftracker.opentrackr.org%3a1337%2fannounce&amp;tr=udp%3a%2f%2fexodus.desync.com%3a6969%2fannounce, magnet:?xt=urn:btih:2f8cf597978d681f95ad66b8c9e4397fa061b8b4&amp;dn=%e9%98%b3%e5%85%89%e7%94%b5%e5%bd%b1dygod.org.%e5%b9%95%e5%ba%9c%e5%b0%86%e5%86%9b%e7%ac%ac%e4%b8%80%e5%ad%a3%e7%ac%ac06%e9%9b%86%e4%b8%ad%e8%8b%b1%e5%8f%8c%e5%ad%97.mkv&amp;tr=udp%3a%2f%2ftracker.opentrackr.org%3a1337%2fannounce&amp;tr=udp%3a%2f%2fexodus.desync.com%3a6969%2fannounce, magnet:?xt=urn:btih:a720ed253782968ba7d94c8be7fa9e516435fd51&amp;dn=%e9%98%b3%e5%85%89%e7%94%b5%e5%bd%b1dygod.org.%e5%b9%95%e5%ba%9c%e5%b0%86%e5%86%9b%e7%ac%ac%e4%b8%80%e5%ad%a3%e7%ac%ac07%e9%9b%86%e4%b8%ad%e8%8b%b1%e5%8f%8c%e5%ad%97.mkv&amp;tr=udp%3a%2f%2ftracker.opentrackr.org%3a1337%2fannounce&amp;tr=udp%3a%2f%2fexodus.desync.com%3a6969%2fannounce, magnet:?xt=urn:btih:788aff2a23cee625330234f74cf9609befec50cb&amp;dn=%e9%98%b3%e5%85%89%e7%94%b5%e5%bd%b1dygod.org.%e5%b9%95%e5%ba%9c%e5%b0%86%e5%86%9b%e7%ac%ac%e4%b8%80%e5%ad%a3%e7%ac%ac08%e9%9b%86%e4%b8%ad%e8%8b%b1%e5%8f%8c%e5%ad%97.mkv&amp;tr=udp%3a%2f%2ftracker.opentrackr.org%3a1337%2fannounce&amp;tr=udp%3a%2f%2fexodus.desync.com%3a6969%2fannounce, magnet:?xt=urn:btih:a9727cdf43f7661812f6aadcf2894a6279f9f818&amp;dn=%e9%98%b3%e5%85%89%e7%94%b5%e5%bd%b1dygod.org.%e5%b9%95%e5%ba%9c%e5%b0%86%e5%86%9b%e7%ac%ac%e4%b8%80%e5%ad%a3%e7%ac%ac09%e9%9b%86%e4%b8%ad%e8%8b%b1%e5%8f%8c%e5%ad%97.mkv&amp;tr=udp%3a%2f%2ftracker.opentrackr.org%3a1337%2fannounce&amp;tr=udp%3a%2f%2fexodus.desync.com%3a6969%2fannounce, magnet:?xt=urn:btih:1f48d314ca6e5a6b4b7c28adb91bc0acb399ded5&amp;dn=%e9%98%b3%e5%85%89%e7%94%b5%e5%bd%b1dygod.org.%e5%b9%95%e5%ba%9c%e5%b0%86%e5%86%9b%e7%ac%ac%e4%b8%80%e5%ad%a3%e7%ac%ac10%e9%9b%86%e4%b8%ad%e8%8b%b1%e5%8f%8c%e5%ad%97.mkv&amp;tr=udp%3a%2f%2ftracker.opentrackr.org%3a1337%2fannounce&amp;tr=udp%3a%2f%2fexodus.desync.com%3a6969%2fannounce"
2024年科幻动作《光环 第二季,,"magnet:?xt=urn:btih:462929bad15011b190d0bd74e2c5e5a0776a9ea1&amp;dn=%e9%98%b3%e5%85%89%e7%94%b5%e5%bd%b1dygod.org.%e5%85%89%e7%8e%af%e7%ac%ac%e4%ba%8c%e5%ad%a3%e7%ac%ac01%e9%9b%86%e4%b8%ad%e8%8b%b1%e5%8f%8c%e5%ad%97.mkv&amp;tr=udp%3a%2f%2ftracker.opentrackr.org%3a1337%2fannounce&amp;tr=udp%3a%2f%2fexodus.desync.com%3a6969%2fannounce, magnet:?xt=urn:btih:a6407c98d92e65c2a10a296c7eed72c921bb4400&amp;dn=%e9%98%b3%e5%85%89%e7%94%b5%e5%bd%b1dygod.org.%e5%85%89%e7%8e%af%e7%ac%ac%e4%ba%8c%e5%ad%a3%e7%ac%ac02%e9%9b%86%e4%b8%ad%e8%8b%b1%e5%8f%8c%e5%ad%97.mkv&amp;tr=udp%3a%2f%2ftracker.opentrackr.org%3a1337%2fannounce&amp;tr=udp%3a%2f%2fexodus.desync.com%3a6969%2fannounce, magnet:?xt=urn:btih:65153ea75b7e6764047047519c0879651f0eb584&amp;dn=%e9%98%b3%e5%85%89%e7%94%b5%e5%bd%b1dygod.org.%e5%85%89%e7%8e%af%e7%ac%ac%e4%ba%8c%e5%ad%a3%e7%ac%ac03%e9%9b%86%e4%b8%ad%e8%8b%b1%e5%8f%8c%e5%ad%97.mkv&amp;tr=udp%3a%2f%2ftracker.opentrackr.org%3a1337%2fannounce&amp;tr=udp%3a%2f%2fexodus.desync.com%3a6969%2fannounce, magnet:?xt=urn:btih:59c389795bfad2c63d70654808aaa6558a2047d8&amp;dn=%e9%98%b3%e5%85%89%e7%94%b5%e5%bd%b1dygod.org.%e5%85%89%e7%8e%af%e7%ac%ac%e4%ba%8c%e5%ad%a3%e7%ac%ac04%e9%9b%86%e4%b8%ad%e8%8b%b1%e5%8f%8c%e5%ad%97.mkv&amp;tr=udp%3a%2f%2ftracker.opentrackr.org%3a1337%2fannounce&amp;tr=udp%3a%2f%2fexodus.desync.com%3a6969%2fannounce, magnet:?xt=urn:btih:c99ef9100e8cb41f2878ef8ed6e299282a08c372&amp;dn=%e9%98%b3%e5%85%89%e7%94%b5%e5%bd%b1dygod.org.%e5%85%89%e7%8e%af%e7%ac%ac%e4%ba%8c%e5%ad%a3%e7%ac%ac05%e9%9b%86%e4%b8%ad%e8%8b%b1%e5%8f%8c%e5%ad%97.mkv&amp;tr=udp%3a%2f%2ftracker.opentrackr.org%3a1337%2fannounce&amp;tr=udp%3a%2f%2fexodus.desync.com%3a6969%2fannounce, magnet:?xt=urn:btih:6f04f5400eb5415f9d03509f549e5442a7d497c0&amp;dn=%e9%98%b3%e5%85%89%e7%94%b5%e5%bd%b1dygod.org.%e5%85%89%e7%8e%af%e7%ac%ac%e4%ba%8c%e5%ad%a3%e7%ac%ac06%e9%9b%86%e4%b8%ad%e8%8b%b1%e5%8f%8c%e5%ad%97.mkv&amp;tr=udp%3a%2f%2ftracker.opentrackr.org%3a1337%2fannounce&amp;tr=udp%3a%2f%2fexodus.desync.com%3a6969%2fannounce, magnet:?xt=urn:btih:4d7737538092acad265f11d510f31d041b59cb93&amp;dn=%e9%98%b3%e5%85%89%e7%94%b5%e5%bd%b1dygod.org.%e5%85%89%e7%8e%af%e7%ac%ac%e4%ba%8c%e5%ad%a3%e7%ac%ac07%e9%9b%86%e4%b8%ad%e8%8b%b1%e5%8f%8c%e5%ad%97.mkv&amp;tr=udp%3a%2f%2ftracker.opentrackr.org%3a1337%2fannounce&amp;tr=udp%3a%2f%2fexodus.desync.com%3a6969%2fannounce, magnet:?xt=urn:btih:13b461da47e447df7441a00943a279c52f4e28d6&amp;dn=%e9%98%b3%e5%85%89%e7%94%b5%e5%bd%b1dygod.org.%e5%85%89%e7%8e%af%e7%ac%ac%e4%ba%8c%e5%ad%a3%e7%ac%ac08%e9%9b%86%e4%b8%ad%e8%8b%b1%e5%8f%8c%e5%ad%97.mkv&amp;tr=udp%3a%2f%2ftracker.opentrackr.org%3a1337%2fannounce&amp;tr=udp%3a%2f%2fexodus.desync.com%3a6969%2fannounce"
2024年动作战争《空战群英 第,,"magnet:?xt=urn:btih:b1dc90e1403cbad8e209b0724a9710923d2b2882&amp;dn=%e9%98%b3%e5%85%89%e7%94%b5%e5%bd%b1dygod.org.%e7%a9%ba%e6%88%98%e7%be%a4%e8%8b%b1%e7%ac%ac%e4%b8%80%e5%ad%a3%e7%ac%ac01%e9%9b%86%e4%b8%ad%e8%8b%b1%e5%8f%8c%e5%ad%97.mkv&amp;tr=udp%3a%2f%2ftracker.opentrackr.org%3a1337%2fannounce&amp;tr=udp%3a%2f%2fexodus.desync.com%3a6969%2fannounce, magnet:?xt=urn:btih:2cd80b0e3a4865d48dcb31218e4d7886c02dccf2&amp;dn=%e9%98%b3%e5%85%89%e7%94%b5%e5%bd%b1dygod.org.%e7%a9%ba%e6%88%98%e7%be%a4%e8%8b%b1%e7%ac%ac%e4%b8%80%e5%ad%a3%e7%ac%ac02%e9%9b%86%e4%b8%ad%e8%8b%b1%e5%8f%8c%e5%ad%97.mkv&amp;tr=udp%3a%2f%2ftracker.opentrackr.org%3a1337%2fannounce&amp;tr=udp%3a%2f%2fexodus.desync.com%3a6969%2fannounce, magnet:?xt=urn:btih:21f5da68fedb0f6d46e2e4ba2f0446994f112b36&amp;dn=%e9%98%b3%e5%85%89%e7%94%b5%e5%bd%b1dygod.org.%e7%a9%ba%e6%88%98%e7%be%a4%e8%8b%b1%e7%ac%ac%e4%b8%80%e5%ad%a3%e7%ac%ac03%e9%9b%86%e4%b8%ad%e8%8b%b1%e5%8f%8c%e5%ad%97.mkv&amp;tr=udp%3a%2f%2ftracker.opentrackr.org%3a1337%2fannounce&amp;tr=udp%3a%2f%2fexodus.desync.com%3a6969%2fannounce, magnet:?xt=urn:btih:b362e2d209298e3329fe910aa075cf7cec00d4ea&amp;dn=%e9%98%b3%e5%85%89%e7%94%b5%e5%bd%b1dygod.org.%e7%a9%ba%e6%88%98%e7%be%a4%e8%8b%b1%e7%ac%ac%e4%b8%80%e5%ad%a3%e7%ac%ac04%e9%9b%86%e4%b8%ad%e8%8b%b1%e5%8f%8c%e5%ad%97.mkv&amp;tr=udp%3a%2f%2ftracker.opentrackr.org%3a1337%2fannounce&amp;tr=udp%3a%2f%2fexodus.desync.com%3a6969%2fannounce, magnet:?xt=urn:btih:b3d07021068deb2722bf078296740b32ff5c72df&amp;dn=%e9%98%b3%e5%85%89%e7%94%b5%e5%bd%b1dygod.org.%e7%a9%ba%e6%88%98%e7%be%a4%e8%8b%b1%e7%ac%ac%e4%b8%80%e5%ad%a3%e7%ac%ac05%e9%9b%86%e4%b8%ad%e8%8b%b1%e5%8f%8c%e5%ad%97.mkv&amp;tr=udp%3a%2f%2ftracker.opentrackr.org%3a1337%2fannounce&amp;tr=udp%3a%2f%2fexodus.desync.com%3a6969%2fannounce, magnet:?xt=urn:btih:5ddd3002836e493a0bbbf9c69aaad47bd1ab1973&amp;dn=%e9%98%b3%e5%85%89%e7%94%b5%e5%bd%b1dygod.org.%e7%a9%ba%e6%88%98%e7%be%a4%e8%8b%b1%e7%ac%ac%e4%b8%80%e5%ad%a3%e7%ac%ac06%e9%9b%86%e4%b8%ad%e8%8b%b1%e5%8f%8c%e5%ad%97.mkv&amp;tr=udp%3a%2f%2ftracker.opentrackr.org%3a1337%2fannounce&amp;tr=udp%3a%2f%2fexodus.desync.com%3a6969%2fannounce, magnet:?xt=urn:btih:4bbc58095a916d3572816ce39ff8628b194e4dfd&amp;dn=%e9%98%b3%e5%85%89%e7%94%b5%e5%bd%b1dygod.org.%e7%a9%ba%e6%88%98%e7%be%a4%e8%8b%b1%e7%ac%ac%e4%b8%80%e5%ad%a3%e7%ac%ac07%e9%9b%86%e4%b8%ad%e8%8b%b1%e5%8f%8c%e5%ad%97.mkv&amp;tr=udp%3a%2f%2ftracker.opentrackr.org%3a1337%2fannounce&amp;tr=udp%3a%2f%2fexodus.desync.com%3a6969%2fannounce, magnet:?xt=urn:btih:322208f2eedfd9710b89cd32021308e5410bfaff&amp;dn=%e9%98%b3%e5%85%89%e7%94%b5%e5%bd%b1dygod.org.%e7%a9%ba%e6%88%98%e7%be%a4%e8%8b%b1%e7%ac%ac%e4%b8%80%e5%ad%a3%e7%ac%ac08%e9%9b%86%e4%b8%ad%e8%8b%b1%e5%8f%8c%e5%ad%97.mkv&amp;tr=udp%3a%2f%2ftracker.opentrackr.org%3a1337%2fannounce&amp;tr=udp%3a%2f%2fexodus.desync.com%3a6969%2fannounce, magnet:?xt=urn:btih:128f89597f135e33e10d7f0e80095223c408af6b&amp;dn=%e9%98%b3%e5%85%89%e7%94%b5%e5%bd%b1dygod.org.%e7%a9%ba%e6%88%98%e7%be%a4%e8%8b%b1%e7%ac%ac%e4%b8%80%e5%ad%a3%e7%ac%ac09%e9%9b%86%e4%b8%ad%e8%8b%b1%e5%8f%8c%e5%ad%97.mkv&amp;tr=udp%3a%2f%2ftracker.opentrackr.org%3a1337%2fannounce&amp;tr=udp%3a%2f%2fexodus.desync.com%3a6969%2fannounce"
2024年悬疑惊悚《真探 第四季,,"magnet:?xt=urn:btih:75443bfbf209e88d622d33173a8f161d6b2e35ef&amp;dn=%e9%98%b3%e5%85%89%e7%94%b5%e5%bd%b1dygod.org.%e7%9c%9f%e6%8e%a2%e7%ac%ac%e5%9b%9b%e5%ad%a301%e9%9b%86%e4%b8%ad%e8%8b%b1%e5%8f%8c%e5%ad%97.mkv&amp;tr=udp%3a%2f%2ftracker.opentrackr.org%3a1337%2fannounce&amp;tr=udp%3a%2f%2fexodus.desync.com%3a6969%2fannounce, magnet:?xt=urn:btih:76680329395421cce0b71d71550399dfe1ae8b1a&amp;dn=%e9%98%b3%e5%85%89%e7%94%b5%e5%bd%b1dygod.org.%e7%9c%9f%e6%8e%a2%e7%ac%ac%e5%9b%9b%e5%ad%a302%e9%9b%86%e4%b8%ad%e8%8b%b1%e5%8f%8c%e5%ad%97.mkv&amp;tr=udp%3a%2f%2ftracker.opentrackr.org%3a1337%2fannounce&amp;tr=udp%3a%2f%2fexodus.desync.com%3a6969%2fannounce, magnet:?xt=urn:btih:a7fde750c86b18bb5392da103e9634cdf6502a72&amp;dn=%e9%98%b3%e5%85%89%e7%94%b5%e5%bd%b1dygod.org.%e7%9c%9f%e6%8e%a2%e7%ac%ac%e5%9b%9b%e5%ad%a303%e9%9b%86%e4%b8%ad%e8%8b%b1%e5%8f%8c%e5%ad%97.mkv&amp;tr=udp%3a%2f%2ftracker.opentrackr.org%3a1337%2fannounce&amp;tr=udp%3a%2f%2fexodus.desync.com%3a6969%2fannounce, magnet:?xt=urn:btih:009877f4f6a2f00d357a166f98b5b788088ab5aa&amp;dn=%e9%98%b3%e5%85%89%e7%94%b5%e5%bd%b1dygod.org.%e7%9c%9f%e6%8e%a2%e7%ac%ac%e5%9b%9b%e5%ad%a304%e9%9b%86%e4%b8%ad%e8%8b%b1%e5%8f%8c%e5%ad%97.mkv&amp;tr=udp%3a%2f%2ftracker.opentrackr.org%3a1337%2fannounce&amp;tr=udp%3a%2f%2fexodus.desync.com%3a6969%2fannounce, magnet:?xt=urn:btih:34d1485ae498790f02ecc07b2d70329fd2e4a0af&amp;dn=%e9%98%b3%e5%85%89%e7%94%b5%e5%bd%b1dygod.org.%e7%9c%9f%e6%8e%a2%e7%ac%ac%e5%9b%9b%e5%ad%a305%e9%9b%86%e4%b8%ad%e8%8b%b1%e5%8f%8c%e5%ad%97.mkv&amp;tr=udp%3a%2f%2ftracker.opentrackr.org%3a1337%2fannounce&amp;tr=udp%3a%2f%2fexodus.desync.com%3a6969%2fannounce, magnet:?xt=urn:btih:57522ce516f40d563d2c41c0646345bb89cbe3ad&amp;dn=%e9%98%b3%e5%85%89%e7%94%b5%e5%bd%b1dygod.org.%e7%9c%9f%e6%8e%a2%e7%ac%ac%e5%9b%9b%e5%ad%a306%e9%9b%86%e4%b8%ad%e8%8b%b1%e5%8f%8c%e5%ad%97.mkv&amp;tr=udp%3a%2f%2ftracker.opentrackr.org%3a1337%2fannounce&amp;tr=udp%3a%2f%2fexodus.desync.com%3a6969%2fannounce"
2023年科幻动作《波西・杰克逊,,
2023年科幻动作《帝王计划：怪,,"magnet:?xt=urn:btih:04c9a918826b90fa8c743f5ef38e0ac47680b469&amp;dn=%e9%98%b3%e5%85%89%e7%94%b5%e5%bd%b1dygod.org.%e5%b8%9d%e7%8e%8b%e8%ae%a1%e5%88%92%ef%bc%9a%e6%80%aa%e5%85%bd%e9%81%97%e4%ba%a7%e7%ac%ac%e4%b8%80%e5%ad%a301%e9%9b%86%e4%b8%ad%e8%8b%b1%e5%8f%8c%e5%ad%97.mkv&amp;tr=udp%3a%2f%2ftracker.opentrackr.org%3a1337%2fannounce&amp;tr=udp%3a%2f%2fexodus.desync.com%3a6969%2fannounce, magnet:?xt=urn:btih:d689767a10d7eefa1f415e4d0c7051c959f1ef59&amp;dn=%e9%98%b3%e5%85%89%e7%94%b5%e5%bd%b1dygod.org.%e5%b8%9d%e7%8e%8b%e8%ae%a1%e5%88%92%ef%bc%9a%e6%80%aa%e5%85%bd%e9%81%97%e4%ba%a7%e7%ac%ac%e4%b8%80%e5%ad%a302%e9%9b%86%e4%b8%ad%e8%8b%b1%e5%8f%8c%e5%ad%97.mkv&amp;tr=udp%3a%2f%2ftracker.opentrackr.org%3a1337%2fannounce&amp;tr=udp%3a%2f%2fexodus.desync.com%3a6969%2fannounce, magnet:?xt=urn:btih:24701599e929e749039cb1e45a0127ba35d47379&amp;dn=%e9%98%b3%e5%85%89%e7%94%b5%e5%bd%b1dygod.org.%e5%b8%9d%e7%8e%8b%e8%ae%a1%e5%88%92%ef%bc%9a%e6%80%aa%e5%85%bd%e9%81%97%e4%ba%a7%e7%ac%ac%e4%b8%80%e5%ad%a303%e9%9b%86%e4%b8%ad%e8%8b%b1%e5%8f%8c%e5%ad%97.mkv&amp;tr=udp%3a%2f%2ftracker.opentrackr.org%3a1337%2fannounce&amp;tr=udp%3a%2f%2fexodus.desync.com%3a6969%2fannounce, magnet:?xt=urn:btih:33d6fdaf276bc6b03c9848629144779db7cda721&amp;dn=%e9%98%b3%e5%85%89%e7%94%b5%e5%bd%b1dygod.org.%e5%b8%9d%e7%8e%8b%e8%ae%a1%e5%88%92%ef%bc%9a%e6%80%aa%e5%85%bd%e9%81%97%e4%ba%a7%e7%ac%ac%e4%b8%80%e5%ad%a304%e9%9b%86%e4%b8%ad%e8%8b%b1%e5%8f%8c%e5%ad%97.mkv&amp;tr=udp%3a%2f%2ftracker.opentrackr.org%3a1337%2fannounce&amp;tr=udp%3a%2f%2fexodus.desync.com%3a6969%2fannounce, magnet:?xt=urn:btih:173d903c800eabc65387cabff8e0dde5a6553f3c&amp;dn=%e9%98%b3%e5%85%89%e7%94%b5%e5%bd%b1dygod.org.%e5%b8%9d%e7%8e%8b%e8%ae%a1%e5%88%92%ef%bc%9a%e6%80%aa%e5%85%bd%e9%81%97%e4%ba%a7%e7%ac%ac%e4%b8%80%e5%ad%a305%e9%9b%86%e4%b8%ad%e8%8b%b1%e5%8f%8c%e5%ad%97.mkv&amp;tr=udp%3a%2f%2ftracker.opentrackr.org%3a1337%2fannounce&amp;tr=udp%3a%2f%2fexodus.desync.com%3a6969%2fannounce, magnet:?xt=urn:btih:4d52cefd20ab7abd14de9157d3b68714eab033fb&amp;dn=%e9%98%b3%e5%85%89%e7%94%b5%e5%bd%b1dygod.org.%e5%b8%9d%e7%8e%8b%e8%ae%a1%e5%88%92%ef%bc%9a%e6%80%aa%e5%85%bd%e9%81%97%e4%ba%a7%e7%ac%ac%e4%b8%80%e5%ad%a306%e9%9b%86%e4%b8%ad%e8%8b%b1%e5%8f%8c%e5%ad%97.mkv&amp;tr=udp%3a%2f%2ftracker.opentrackr.org%3a1337%2fannounce&amp;tr=udp%3a%2f%2fexodus.desync.com%3a6969%2fannounce, magnet:?xt=urn:btih:e56ea15f1fade9c90a7e446493421a98d7267221&amp;dn=%e9%98%b3%e5%85%89%e7%94%b5%e5%bd%b1dygod.org.%e5%b8%9d%e7%8e%8b%e8%ae%a1%e5%88%92%ef%bc%9a%e6%80%aa%e5%85%bd%e9%81%97%e4%ba%a7%e7%ac%ac%e4%b8%80%e5%ad%a307%e9%9b%86%e4%b8%ad%e8%8b%b1%e5%8f%8c%e5%ad%97.mkv&amp;tr=udp%3a%2f%2ftracker.opentrackr.org%3a1337%2fannounce&amp;tr=udp%3a%2f%2fexodus.desync.com%3a6969%2fannounce, magnet:?xt=urn:btih:82cb6d3994d53b414a9b1e0a0e682e147313bd54&amp;dn=%e9%98%b3%e5%85%89%e7%94%b5%e5%bd%b1dygod.org.%e5%b8%9d%e7%8e%8b%e8%ae%a1%e5%88%92%ef%bc%9a%e6%80%aa%e5%85%bd%e9%81%97%e4%ba%a7%e7%ac%ac%e4%b8%80%e5%ad%a308%e9%9b%86%e4%b8%ad%e8%8b%b1%e5%8f%8c%e5%ad%97.mkv&amp;tr=udp%3a%2f%2ftracker.opentrackr.org%3a1337%2fannounce&amp;tr=udp%3a%2f%2fexodus.desync.com%3a6969%2fannounce, magnet:?xt=urn:btih:78ad8fbafac4b15a5d6180f0638c89651c19e0fc&amp;dn=%e9%98%b3%e5%85%89%e7%94%b5%e5%bd%b1dygod.org.%e5%b8%9d%e7%8e%8b%e8%ae%a1%e5%88%92%ef%bc%9a%e6%80%aa%e5%85%bd%e9%81%97%e4%ba%a7%e7%ac%ac%e4%b8%80%e5%ad%a309%e9%9b%86%e4%b8%ad%e8%8b%b1%e5%8f%8c%e5%ad%97.mkv&amp;tr=udp%3a%2f%2ftracker.opentrackr.org%3a1337%2fannounce&amp;tr=udp%3a%2f%2fexodus.desync.com%3a6969%2fannounce, magnet:?xt=urn:btih:15bc7bbfc496c8ec00ef085823138d95dae2a2d2&amp;dn=%e9%98%b3%e5%85%89%e7%94%b5%e5%bd%b1dygod.org.%e5%b8%9d%e7%8e%8b%e8%ae%a1%e5%88%92%ef%bc%9a%e6%80%aa%e5%85%bd%e9%81%97%e4%ba%a7%e7%ac%ac%e4%b8%80%e5%ad%a310%e9%9b%86%e4%b8%ad%e8%8b%b1%e5%8f%8c%e5%ad%97.mkv&amp;tr=udp%3a%2f%2ftracker.opentrackr.org%3a1337%2fannounce&amp;tr=udp%3a%2f%2fexodus.desync.com%3a6969%2fannounce"
2023年科幻动作《洛基 第二季,,"magnet:?xt=urn:btih:d2074442c27f2b2d50729f2c9f6cc4dc4d706b8e&amp;dn=%e9%98%b3%e5%85%89%e7%94%b5%e5%bd%b1dygod.org.%e6%b4%9b%e5%9f%ba%e7%ac%ac%e4%ba%8c%e5%ad%a301%e9%9b%86%e4%b8%ad%e8%8b%b1%e5%8f%8c%e5%ad%97.mkv&amp;tr=udp%3a%2f%2ftracker.opentrackr.org%3a1337%2fannounce&amp;tr=udp%3a%2f%2fexodus.desync.com%3a6969%2fannounce, magnet:?xt=urn:btih:d4438a1a844915dfaed264c688e04e17231fabd9&amp;dn=%e9%98%b3%e5%85%89%e7%94%b5%e5%bd%b1dygod.org.%e6%b4%9b%e5%9f%ba%e7%ac%ac%e4%ba%8c%e5%ad%a302%e9%9b%86%e4%b8%ad%e8%8b%b1%e5%8f%8c%e5%ad%97.mkv&amp;tr=udp%3a%2f%2ftracker.opentrackr.org%3a1337%2fannounce&amp;tr=udp%3a%2f%2fexodus.desync.com%3a6969%2fannounce, magnet:?xt=urn:btih:d388748cf34bd070b21e4cb7b0320c8fba9cbd07&amp;dn=%e9%98%b3%e5%85%89%e7%94%b5%e5%bd%b1dygod.org.%e6%b4%9b%e5%9f%ba%e7%ac%ac%e4%ba%8c%e5%ad%a303%e9%9b%86%e4%b8%ad%e8%8b%b1%e5%8f%8c%e5%ad%97.mkv&amp;tr=udp%3a%2f%2ftracker.opentrackr.org%3a1337%2fannounce&amp;tr=udp%3a%2f%2fexodus.desync.com%3a6969%2fannounce, magnet:?xt=urn:btih:a6a6a90c15753e4bff59d7d6e64d6bef2c39de71&amp;dn=%e9%98%b3%e5%85%89%e7%94%b5%e5%bd%b1dygod.org.%e6%b4%9b%e5%9f%ba%e7%ac%ac%e4%ba%8c%e5%ad%a304%e9%9b%86%e4%b8%ad%e8%8b%b1%e5%8f%8c%e5%ad%97.mkv&amp;tr=udp%3a%2f%2ftracker.opentrackr.org%3a1337%2fannounce&amp;tr=udp%3a%2f%2fexodus.desync.com%3a6969%2fannounce, magnet:?xt=urn:btih:4df5e942d04eafcc6d977b45afbccbedd239cb93&amp;dn=%e9%98%b3%e5%85%89%e7%94%b5%e5%bd%b1dygod.org.%e6%b4%9b%e5%9f%ba%e7%ac%ac%e4%ba%8c%e5%ad%a305%e9%9b%86%e4%b8%ad%e8%8b%b1%e5%8f%8c%e5%ad%97.mkv&amp;tr=udp%3a%2f%2ftracker.opentrackr.org%3a1337%2fannounce&amp;tr=udp%3a%2f%2fexodus.desync.com%3a6969%2fannounce, magnet:?xt=urn:btih:ba7f5ec03c0a42654820d9504c326192b6e848bb&amp;dn=%e9%98%b3%e5%85%89%e7%94%b5%e5%bd%b1dygod.org.%e6%b4%9b%e5%9f%ba%e7%ac%ac%e4%ba%8c%e5%ad%a306%e9%9b%86%e4%b8%ad%e8%8b%b1%e5%8f%8c%e5%ad%97.mkv&amp;tr=udp%3a%2f%2ftracker.opentrackr.org%3a1337%2fannounce&amp;tr=udp%3a%2f%2fexodus.desync.com%3a6969%2fannounce"
2023年动作《大陆酒店/刺客旅,,"magnet:?xt=urn:btih:79765d959411ad80ba7b27f6c90d924bbab2f221&amp;dn=%e9%98%b3%e5%85%89%e7%94%b5%e5%bd%b1dygod.org.%e5%a4%a7%e9%99%86%e9%85%92%e5%ba%97%e7%ac%ac%e4%b8%80%e5%ad%a301%e9%9b%86%e4%b8%ad%e8%8b%b1%e5%8f%8c%e5%ad%97.mkv&amp;tr=udp%3a%2f%2ftracker.opentrackr.org%3a1337%2fannounce&amp;tr=udp%3a%2f%2fexodus.desync.com%3a6969%2fannounce, magnet:?xt=urn:btih:975b29b5fb8b294f00884665d799b88a3d090cdf&amp;dn=%e9%98%b3%e5%85%89%e7%94%b5%e5%bd%b1dygod.org.%e5%a4%a7%e9%99%86%e9%85%92%e5%ba%97%e7%ac%ac%e4%b8%80%e5%ad%a302%e9%9b%86%e4%b8%ad%e8%8b%b1%e5%8f%8c%e5%ad%97.mkv&amp;tr=udp%3a%2f%2ftracker.opentrackr.org%3a1337%2fannounce&amp;tr=udp%3a%2f%2fexodus.desync.com%3a6969%2fannounce, magnet:?xt=urn:btih:e52b479c1a0f0306c669b767dfea89ee7d0f72d8&amp;dn=%e9%98%b3%e5%85%89%e7%94%b5%e5%bd%b1dygod.org.%e5%a4%a7%e9%99%86%e9%85%92%e5%ba%97%e7%ac%ac%e4%b8%80%e5%ad%a303%e9%9b%86%e4%b8%ad%e8%8b%b1%e5%8f%8c%e5%ad%97.mkv&amp;tr=udp%3a%2f%2ftracker.opentrackr.org%3a1337%2fannounce&amp;tr=udp%3a%2f%2fexodus.desync.com%3a6969%2fannounce"
2023年美剧《行尸走肉：达里尔,,"magnet:?xt=urn:btih:ae7858ad6b74991b854e2a95880aa4354375bc89&amp;dn=%e9%98%b3%e5%85%89%e7%94%b5%e5%bd%b1dygod.org.%e8%a1%8c%e5%b0%b8%e8%b5%b0%e8%82%89%ef%bc%9a%e8%be%be%e9%87%8c%e5%b0%94%c2%b7%e8%bf%aa%e5%85%8b%e6%a3%ae%e7%ac%ac%e4%b8%80%e5%ad%a301%e9%9b%86%e4%b8%ad%e8%8b%b1%e5%8f%8c%e5%ad%97.mkv&amp;tr=udp%3a%2f%2ftracker.opentrackr.org%3a1337%2fannounce&amp;tr=udp%3a%2f%2fexodus.desync.com%3a6969%2fannounce, magnet:?xt=urn:btih:d13f9cb6f5e41b2d6315b640d5b64598f2515c26&amp;dn=%e9%98%b3%e5%85%89%e7%94%b5%e5%bd%b1dygod.org.%e8%a1%8c%e5%b0%b8%e8%b5%b0%e8%82%89%ef%bc%9a%e8%be%be%e9%87%8c%e5%b0%94%c2%b7%e8%bf%aa%e5%85%8b%e6%a3%ae%e7%ac%ac%e4%b8%80%e5%ad%a302%e9%9b%86%e4%b8%ad%e8%8b%b1%e5%8f%8c%e5%ad%97.mkv&amp;tr=udp%3a%2f%2ftracker.opentrackr.org%3a1337%2fannounce&amp;tr=udp%3a%2f%2fexodus.desync.com%3a6969%2fannounce, magnet:?xt=urn:btih:6524e7af41be8ed3a0b08181822fc9075ac1e050&amp;dn=%e9%98%b3%e5%85%89%e7%94%b5%e5%bd%b1dygod.org.%e8%a1%8c%e5%b0%b8%e8%b5%b0%e8%82%89%ef%bc%9a%e8%be%be%e9%87%8c%e5%b0%94%c2%b7%e8%bf%aa%e5%85%8b%e6%a3%ae%e7%ac%ac%e4%b8%80%e5%ad%a303%e9%9b%86%e4%b8%ad%e8%8b%b1%e5%8f%8c%e5%ad%97.mkv&amp;tr=udp%3a%2f%2ftracker.opentrackr.org%3a1337%2fannounce&amp;tr=udp%3a%2f%2fexodus.desync.com%3a6969%2fannounce, magnet:?xt=urn:btih:8602cfaf390934cf39b9e65225ac984167136769&amp;dn=%e9%98%b3%e5%85%89%e7%94%b5%e5%bd%b1dygod.org.%e8%a1%8c%e5%b0%b8%e8%b5%b0%e8%82%89%ef%bc%9a%e8%be%be%e9%87%8c%e5%b0%94%c2%b7%e8%bf%aa%e5%85%8b%e6%a3%ae%e7%ac%ac%e4%b8%80%e5%ad%a304%e9%9b%86%e4%b8%ad%e8%8b%b1%e5%8f%8c%e5%ad%97.mkv&amp;tr=udp%3a%2f%2ftracker.opentrackr.org%3a1337%2fannounce&amp;tr=udp%3a%2f%2fexodus.desync.com%3a6969%2fannounce, magnet:?xt=urn:btih:0367a0189ca80cb2bb2dc3c2fc105d4ae8f5a940&amp;dn=%e9%98%b3%e5%85%89%e7%94%b5%e5%bd%b1dygod.org.%e8%a1%8c%e5%b0%b8%e8%b5%b0%e8%82%89%ef%bc%9a%e8%be%be%e9%87%8c%e5%b0%94%c2%b7%e8%bf%aa%e5%85%8b%e6%a3%ae%e7%ac%ac%e4%b8%80%e5%ad%a305%e9%9b%86%e4%b8%ad%e8%8b%b1%e5%8f%8c%e5%ad%97.mkv&amp;tr=udp%3a%2f%2ftracker.opentrackr.org%3a1337%2fannounce&amp;tr=udp%3a%2f%2fexodus.desync.com%3a6969%2fannounce, magnet:?xt=urn:btih:c7b8c33b29aa915e7467b4442b6f3931c4e4f464&amp;dn=%e9%98%b3%e5%85%89%e7%94%b5%e5%bd%b1dygod.org.%e8%a1%8c%e5%b0%b8%e8%b5%b0%e8%82%89%ef%bc%9a%e8%be%be%e9%87%8c%e5%b0%94%c2%b7%e8%bf%aa%e5%85%8b%e6%a3%ae%e7%ac%ac%e4%b8%80%e5%ad%a306%e9%9b%86%e4%b8%ad%e8%8b%b1%e5%8f%8c%e5%ad%97.mkv&amp;tr=udp%3a%2f%2ftracker.opentrackr.org%3a1337%2fannounce&amp;tr=udp%3a%2f%2fexodus.desync.com%3a6969%2fannounce"
2023年科幻动作《阿索卡 第一,,"magnet:?xt=urn:btih:d49f3da1093b62a69b953265bc442d09b208a003&amp;dn=%e9%98%b3%e5%85%89%e7%94%b5%e5%bd%b1dygod.org.%e9%98%bf%e7%b4%a2%e5%8d%a1%e7%ac%ac%e4%b8%80%e5%ad%a301%e9%9b%86%e4%b8%ad%e8%8b%b1%e5%8f%8c%e5%ad%97.mkv&amp;tr=udp%3a%2f%2ftracker.opentrackr.org%3a1337%2fannounce&amp;tr=udp%3a%2f%2fexodus.desync.com%3a6969%2fannounce, magnet:?xt=urn:btih:54aaa28be935298bc1f2932cb00d2c04c4f68217&amp;dn=%e9%98%b3%e5%85%89%e7%94%b5%e5%bd%b1dygod.org.%e9%98%bf%e7%b4%a2%e5%8d%a1%e7%ac%ac%e4%b8%80%e5%ad%a302%e9%9b%86%e4%b8%ad%e8%8b%b1%e5%8f%8c%e5%ad%97.mkv&amp;tr=udp%3a%2f%2ftracker.opentrackr.org%3a1337%2fannounce&amp;tr=udp%3a%2f%2fexodus.desync.com%3a6969%2fannounce, magnet:?xt=urn:btih:4408c17f7c381c5415d23dca137b31b88b05b30f&amp;dn=%e9%98%b3%e5%85%89%e7%94%b5%e5%bd%b1dygod.org.%e9%98%bf%e7%b4%a2%e5%8d%a1%e7%ac%ac%e4%b8%80%e5%ad%a303%e9%9b%86%e4%b8%ad%e8%8b%b1%e5%8f%8c%e5%ad%97.mkv&amp;tr=udp%3a%2f%2ftracker.opentrackr.org%3a1337%2fannounce&amp;tr=udp%3a%2f%2fexodus.desync.com%3a6969%2fannounce, magnet:?xt=urn:btih:40542d1e477c46c6b171d49bf3e8ed8f4914bed7&amp;dn=%e9%98%b3%e5%85%89%e7%94%b5%e5%bd%b1dygod.org.%e9%98%bf%e7%b4%a2%e5%8d%a1%e7%ac%ac%e4%b8%80%e5%ad%a304%e9%9b%86%e4%b8%ad%e8%8b%b1%e5%8f%8c%e5%ad%97.mkv&amp;tr=udp%3a%2f%2ftracker.opentrackr.org%3a1337%2fannounce&amp;tr=udp%3a%2f%2fexodus.desync.com%3a6969%2fannounce, magnet:?xt=urn:btih:e513201633c96d3cbb8d8b93db923ba49bea15a2&amp;dn=%e9%98%b3%e5%85%89%e7%94%b5%e5%bd%b1dygod.org.%e9%98%bf%e7%b4%a2%e5%8d%a1%e7%ac%ac%e4%b8%80%e5%ad%a305%e9%9b%86%e4%b8%ad%e8%8b%b1%e5%8f%8c%e5%ad%97.mkv&amp;tr=udp%3a%2f%2ftracker.opentrackr.org%3a1337%2fannounce&amp;tr=udp%3a%2f%2fexodus.desync.com%3a6969%2fannounce, magnet:?xt=urn:btih:43ad6fbeb7be2701575a6c500f77e49cc0c8364d&amp;dn=%e9%98%b3%e5%85%89%e7%94%b5%e5%bd%b1dygod.org.%e9%98%bf%e7%b4%a2%e5%8d%a1%e7%ac%ac%e4%b8%80%e5%ad%a306%e9%9b%86%e4%b8%ad%e8%8b%b1%e5%8f%8c%e5%ad%97.mkv&amp;tr=udp%3a%2f%2ftracker.opentrackr.org%3a1337%2fannounce&amp;tr=udp%3a%2f%2fexodus.desync.com%3a6969%2fannounce, magnet:?xt=urn:btih:79ebef742ad22c06389924c13860f645a587f690&amp;dn=%e9%98%b3%e5%85%89%e7%94%b5%e5%bd%b1dygod.org.%e9%98%bf%e7%b4%a2%e5%8d%a1%e7%ac%ac%e4%b8%80%e5%ad%a307%e9%9b%86%e4%b8%ad%e8%8b%b1%e5%8f%8c%e5%ad%97.mkv&amp;tr=udp%3a%2f%2ftracker.opentrackr.org%3a1337%2fannounce&amp;tr=udp%3a%2f%2fexodus.desync.com%3a6969%2fannounce, magnet:?xt=urn:btih:6d54b0ac2b629c7fb5356643e3ee8effb848b83e&amp;dn=%e9%98%b3%e5%85%89%e7%94%b5%e5%bd%b1dygod.org.%e9%98%bf%e7%b4%a2%e5%8d%a1%e7%ac%ac%e4%b8%80%e5%ad%a308%e9%9b%86%e4%b8%ad%e8%8b%b1%e5%8f%8c%e5%ad%97.mkv&amp;tr=udp%3a%2f%2ftracker.opentrackr.org%3a1337%2fannounce&amp;tr=udp%3a%2f%2fexodus.desync.com%3a6969%2fannounce"
2023年美剧《特别行动：母狮 ,,"magnet:?xt=urn:btih:bc1a6c2da494f679b22a041da23f1bc8b6964db4&amp;dn=%e9%98%b3%e5%85%89%e7%94%b5%e5%bd%b1dygod.org.%e7%89%b9%e5%88%ab%e8%a1%8c%e5%8a%a8%ef%bc%9a%e6%af%8d%e7%8b%ae%e7%ac%ac%e4%b8%80%e5%ad%a301%e9%9b%86%e4%b8%ad%e8%8b%b1%e5%8f%8c%e5%ad%97.mkv&amp;tr=udp%3a%2f%2ftracker.opentrackr.org%3a1337%2fannounce&amp;tr=udp%3a%2f%2fexodus.desync.com%3a6969%2fannounce, magnet:?xt=urn:btih:5606e4141997aaa9badd8b4a325541960f8c0cca&amp;dn=%e9%98%b3%e5%85%89%e7%94%b5%e5%bd%b1dygod.org.%e7%89%b9%e5%88%ab%e8%a1%8c%e5%8a%a8%ef%bc%9a%e6%af%8d%e7%8b%ae%e7%ac%ac%e4%b8%80%e5%ad%a302%e9%9b%86%e4%b8%ad%e8%8b%b1%e5%8f%8c%e5%ad%97.mkv&amp;tr=udp%3a%2f%2ftracker.opentrackr.org%3a1337%2fannounce&amp;tr=udp%3a%2f%2fexodus.desync.com%3a6969%2fannounce, magnet:?xt=urn:btih:ae2c86f27ac0cd6d61b6342287b013a9ec463476&amp;dn=%e9%98%b3%e5%85%89%e7%94%b5%e5%bd%b1dygod.org.%e7%89%b9%e5%88%ab%e8%a1%8c%e5%8a%a8%ef%bc%9a%e6%af%8d%e7%8b%ae%e7%ac%ac%e4%b8%80%e5%ad%a303%e9%9b%86%e4%b8%ad%e8%8b%b1%e5%8f%8c%e5%ad%97.mkv&amp;tr=udp%3a%2f%2ftracker.opentrackr.org%3a1337%2fannounce&amp;tr=udp%3a%2f%2fexodus.desync.com%3a6969%2fannounce, magnet:?xt=urn:btih:9931629c42800dd9323a709636e76c7c34f00bb5&amp;dn=%e9%98%b3%e5%85%89%e7%94%b5%e5%bd%b1dygod.org.%e7%89%b9%e5%88%ab%e8%a1%8c%e5%8a%a8%ef%bc%9a%e6%af%8d%e7%8b%ae%e7%ac%ac%e4%b8%80%e5%ad%a304%e9%9b%86%e4%b8%ad%e8%8b%b1%e5%8f%8c%e5%ad%97.mkv&amp;tr=udp%3a%2f%2ftracker.opentrackr.org%3a1337%2fannounce&amp;tr=udp%3a%2f%2fexodus.desync.com%3a6969%2fannounce, magnet:?xt=urn:btih:1f11fd6207b627aad923a98badcef235741330ee&amp;dn=%e9%98%b3%e5%85%89%e7%94%b5%e5%bd%b1dygod.org.%e7%89%b9%e5%88%ab%e8%a1%8c%e5%8a%a8%ef%bc%9a%e6%af%8d%e7%8b%ae%e7%ac%ac%e4%b8%80%e5%ad%a305%e9%9b%86%e4%b8%ad%e8%8b%b1%e5%8f%8c%e5%ad%97.mkv&amp;tr=udp%3a%2f%2ftracker.opentrackr.org%3a1337%2fannounce&amp;tr=udp%3a%2f%2fexodus.desync.com%3a6969%2fannounce, magnet:?xt=urn:btih:968d03393809c10e559cc29275d5ed298d36db76&amp;dn=%e9%98%b3%e5%85%89%e7%94%b5%e5%bd%b1dygod.org.%e7%89%b9%e5%88%ab%e8%a1%8c%e5%8a%a8%ef%bc%9a%e6%af%8d%e7%8b%ae%e7%ac%ac%e4%b8%80%e5%ad%a306%e9%9b%86%e4%b8%ad%e8%8b%b1%e5%8f%8c%e5%ad%97.mkv&amp;tr=udp%3a%2f%2ftracker.opentrackr.org%3a1337%2fannounce&amp;tr=udp%3a%2f%2fexodus.desync.com%3a6969%2fannounce, magnet:?xt=urn:btih:75eb7d71a49ffae92545d476875c2eb4fbf4660e&amp;dn=%e9%98%b3%e5%85%89%e7%94%b5%e5%bd%b1dygod.org.%e7%89%b9%e5%88%ab%e8%a1%8c%e5%8a%a8%ef%bc%9a%e6%af%8d%e7%8b%ae%e7%ac%ac%e4%b8%80%e5%ad%a307%e9%9b%86%e4%b8%ad%e8%8b%b1%e5%8f%8c%e5%ad%97.mkv&amp;tr=udp%3a%2f%2ftracker.opentrackr.org%3a1337%2fannounce&amp;tr=udp%3a%2f%2fexodus.desync.com%3a6969%2fannounce, magnet:?xt=urn:btih:e8a01f2958d7f0615bd9cf075ac527d2dd8110d4&amp;dn=%e9%98%b3%e5%85%89%e7%94%b5%e5%bd%b1dygod.org.%e7%89%b9%e5%88%ab%e8%a1%8c%e5%8a%a8%ef%bc%9a%e6%af%8d%e7%8b%ae%e7%ac%ac%e4%b8%80%e5%ad%a308%e9%9b%86%e4%b8%ad%e8%8b%b1%e5%8f%8c%e5%ad%97.mkv&amp;tr=udp%3a%2f%2ftracker.opentrackr.org%3a1337%2fannounce&amp;tr=udp%3a%2f%2fexodus.desync.com%3a6969%2fannounce"
2023年美剧《火线警探：原始城,,"magnet:?xt=urn:btih:866caa4734f67c943bc3962d0c1d0d16dde45a7b&amp;dn=%e9%98%b3%e5%85%89%e7%94%b5%e5%bd%b1dygod.org.%e7%81%ab%e7%ba%bf%e8%ad%a6%e6%8e%a2%ef%bc%9a%e5%8e%9f%e5%a7%8b%e5%9f%8e%e5%b8%82%e7%ac%ac%e4%b8%80%e5%ad%a301%e9%9b%86%e4%b8%ad%e8%8b%b1%e5%8f%8c%e5%ad%97.mkv&amp;tr=udp%3a%2f%2ftracker.opentrackr.org%3a1337%2fannounce&amp;tr=udp%3a%2f%2fexodus.desync.com%3a6969%2fannounce, magnet:?xt=urn:btih:b9c85fe6a276857d7b646b6b850e0caeb3ca8f38&amp;dn=%e9%98%b3%e5%85%89%e7%94%b5%e5%bd%b1dygod.org.%e7%81%ab%e7%ba%bf%e8%ad%a6%e6%8e%a2%ef%bc%9a%e5%8e%9f%e5%a7%8b%e5%9f%8e%e5%b8%82%e7%ac%ac%e4%b8%80%e5%ad%a302%e9%9b%86%e4%b8%ad%e8%8b%b1%e5%8f%8c%e5%ad%97.mkv&amp;tr=udp%3a%2f%2ftracker.opentrackr.org%3a1337%2fannounce&amp;tr=udp%3a%2f%2fexodus.desync.com%3a6969%2fannounce, magnet:?xt=urn:btih:96fba925797c5f4bc45e44a8d1b053b28fbcf5a1&amp;dn=%e9%98%b3%e5%85%89%e7%94%b5%e5%bd%b1dygod.org.%e7%81%ab%e7%ba%bf%e8%ad%a6%e6%8e%a2%ef%bc%9a%e5%8e%9f%e5%a7%8b%e5%9f%8e%e5%b8%82%e7%ac%ac%e4%b8%80%e5%ad%a303%e9%9b%86%e4%b8%ad%e8%8b%b1%e5%8f%8c%e5%ad%97.mkv&amp;tr=udp%3a%2f%2ftracker.opentrackr.org%3a1337%2fannounce&amp;tr=udp%3a%2f%2fexodus.desync.com%3a6969%2fannounce, magnet:?xt=urn:btih:077eaa681aeb81606f3400b1a0a3bcbf7d5b851f&amp;dn=%e9%98%b3%e5%85%89%e7%94%b5%e5%bd%b1dygod.org.%e7%81%ab%e7%ba%bf%e8%ad%a6%e6%8e%a2%ef%bc%9a%e5%8e%9f%e5%a7%8b%e5%9f%8e%e5%b8%82%e7%ac%ac%e4%b8%80%e5%ad%a304%e9%9b%86%e4%b8%ad%e8%8b%b1%e5%8f%8c%e5%ad%97.mkv&amp;tr=udp%3a%2f%2ftracker.opentrackr.org%3a1337%2fannounce&amp;tr=udp%3a%2f%2fexodus.desync.com%3a6969%2fannounce, magnet:?xt=urn:btih:ce49c8083b9d39e298922354a7871eb42104daf9&amp;dn=%e9%98%b3%e5%85%89%e7%94%b5%e5%bd%b1dygod.org.%e7%81%ab%e7%ba%bf%e8%ad%a6%e6%8e%a2%ef%bc%9a%e5%8e%9f%e5%a7%8b%e5%9f%8e%e5%b8%82%e7%ac%ac%e4%b8%80%e5%ad%a305%e9%9b%86%e4%b8%ad%e8%8b%b1%e5%8f%8c%e5%ad%97.mkv&amp;tr=udp%3a%2f%2ftracker.opentrackr.org%3a1337%2fannounce&amp;tr=udp%3a%2f%2fexodus.desync.com%3a6969%2fannounce, magnet:?xt=urn:btih:094b046372aa174e7576c8e8df571c88fe2640a0&amp;dn=%e9%98%b3%e5%85%89%e7%94%b5%e5%bd%b1dygod.org.%e7%81%ab%e7%ba%bf%e8%ad%a6%e6%8e%a2%ef%bc%9a%e5%8e%9f%e5%a7%8b%e5%9f%8e%e5%b8%82%e7%ac%ac%e4%b8%80%e5%ad%a306%e9%9b%86%e4%b8%ad%e8%8b%b1%e5%8f%8c%e5%ad%97.mkv&amp;tr=udp%3a%2f%2ftracker.opentrackr.org%3a1337%2fannounce&amp;tr=udp%3a%2f%2fexodus.desync.com%3a6969%2fannounce, magnet:?xt=urn:btih:2ef80b4ca5c00c11fb57957a935e790b2360dae9&amp;dn=%e9%98%b3%e5%85%89%e7%94%b5%e5%bd%b1dygod.org.%e7%81%ab%e7%ba%bf%e8%ad%a6%e6%8e%a2%ef%bc%9a%e5%8e%9f%e5%a7%8b%e5%9f%8e%e5%b8%82%e7%ac%ac%e4%b8%80%e5%ad%a307%e9%9b%86%e4%b8%ad%e8%8b%b1%e5%8f%8c%e5%ad%97.mkv&amp;tr=udp%3a%2f%2ftracker.opentrackr.org%3a1337%2fannounce&amp;tr=udp%3a%2f%2fexodus.desync.com%3a6969%2fannounce, magnet:?xt=urn:btih:782fd72537c2e46c88c375b83087b24f31d2f6c0&amp;dn=%e9%98%b3%e5%85%89%e7%94%b5%e5%bd%b1dygod.org.%e7%81%ab%e7%ba%bf%e8%ad%a6%e6%8e%a2%ef%bc%9a%e5%8e%9f%e5%a7%8b%e5%9f%8e%e5%b8%82%e7%ac%ac%e4%b8%80%e5%ad%a308%e9%9b%86%e4%b8%ad%e8%8b%b1%e5%8f%8c%e5%ad%97.mkv&amp;tr=udp%3a%2f%2ftracker.opentrackr.org%3a1337%2fannounce&amp;tr=udp%3a%2f%2fexodus.desync.com%3a6969%2fannounce"
我家的熊孩子-20241103,,
Running Man-20241103,,
两天一夜第四季-20241006~2,,
超人回来了-20241013~20241,,
认识的哥哥-20241012~20241,,
我家的熊孩子-20241006~202,,
Running Man-20241006~2024,,
综艺玩很大-20241005~20241,,
威廉沈欢乐送-20241004~202,,
综艺大热门-20241001~20241,,
11点热吵店-20241001~20241,,
娱乐百分百-20241002~20241,,
型男大主厨-20241001~20241,,
小明星大跟班-20241001~202,,
综艺玩很大-20240907~20240,,
威廉沈欢乐送-20240906~202,,
娱乐百分百-20240904~20240,,
综艺大热门-20240903~20240,,
我家的熊孩子-20240901~202,,
龙珠大魔 第03话,,
死神千年血战篇相克谭 第04话,,
伍六七之记忆碎片 第05话,,
吞噬星空 第5季 第12话,,
剑来 第13话,,
神墓第二季 第13话,,
斩神之凡尘神域 第15话,,
狐妖小红娘镜花缘篇 第10话,,
小市民系列 第10话,,
物语系列外传季怪物季 第14话,,
天穗之�D稻姬 第13话,,
精灵小姐瘦不了 第14话,,
卡片战斗先导者Divinez第二季 ,,
无聊就完结 第19话,,
眷思量第二季 第15话,,
全职高手第3季 第17话,,
鬼灭之刃柱训练篇 第08话,,
海贼王one PIECE 第1101~1122,,
杀手寓言 第25话,,
无职转生2 第12话,,
经典单机游戏《明星三缺一》硬,,
经典单机游戏《上古空间》PC版,,
经典单机游戏《伊米苏》PC版,,
经典单机游戏《下一站》PC版,,
经典单机游戏《天空大农场》PC,,
经典单机游戏《特斯拉效应：神,,
经典单机游戏《生生不息》PC版,,
经典单机游戏《秋之回忆7：打,,
经典单机游戏《破门而入》PC版,,
经典单机游戏《墨必斯：帝国崛,,
